key,value
SCQ,1211
SCP,1695
SCS,2416
SCR,1103
SCU,1
SCT,1148
SCW,268
SCV,1223
SCY,543
SDA,2300
SDD,2435
SDC,925
SDF,1728
SDE,3090
SDH,1097
SDG,2787
SDI,2089
SDL,4300
SDK,1955
SDN,1364
SDM,784
SDP,2776
SDR,1792
SDQ,1460
SDT,2431
SDS,5142
SDV,2516
SDU,1
SDW,543
SDY,1208
SEA,4254
SEC,1339
SEE,6187
SED,4096
SEG,3683
SEF,1586
SEI,2430
SEH,1200
SEK,3723
SEM,1207
SEL,4960
SEN,2643
SEQ,2185
SEP,3120
SES,4715
SER,2864
SET,3137
SEW,536
SEV,3273
SEY,1131
SFA,1769
SFD,1449
SFC,989
SFF,1540
SFE,1752
SFH,1090
SFG,2033
SFI,1702
SFL,4160
SFK,1573
SFN,1218
SFM,606
SFP,2097
SFR,1911
SFQ,1846
SFT,2002
SFS,3994
SFV,1869
SFW,433
SFY,1159
SGA,4424
SGC,1359
SGE,4165
SGD,2981
SGG,5466
SGF,2277
SGI,2534
SGH,1754
SGK,3483
SGM,1142
SGL,5746
SGN,2456
SGQ,2717
SGP,4220
SGS,7318
SGR,3422
SGT,3717
SGW,726
SGV,3262
SGY,1679
SHA,1085
SHD,875
SHC,648
SHF,1045
SHE,1110
SHH,931
SHG,1493
SHI,1132
SHL,3660
SHK,990
SHN,783
SHM,526
SHP,1667
SHR,1433
SHQ,1107
SHT,1429
SHS,2794
SHV,1279
SHW,320
SHY,647
SIA,1969
SIC,902
SIE,1789
SID,1492
SIG,1735
SIF,1640
SII,1886
SIH,1098
SIK,1741
SIM,835
SIL,4159
SIN,1430
SIQ,1727
SIP,2451
SIS,3581
SIR,1808
SIT,2179
SIW,412
SIV,2017
SIY,1077
SKA,3198
SKC,779
SKE,3793
SKD,2419
SKG,2650
SKF,1407
SKI,2074
SKH,1027
SKK,3395
SKM,996
SKL,4080
SKN,1787
SKQ,1775
SKP,2671
SKS,3802
SKR,2444
SKT,2636
SKW,467
SKV,2577
SKY,1202
SLA,6336
SLD,4693
SLC,1930
SLF,3298
SLE,6453
SLH,2494
SLG,6042
SLI,3579
SLL,10195
SLK,4842
SLN,3036
SLM,1579
SLP,6724
SLR,5349
SLQ,5080
SLT,4977
SLS,8889
SLV,5077
SLU,2
SLW,1025
SLY,2223
SMA,1357
SMC,296
SME,1238
SMD,1021
SMG,954
SMF,569
SMI,668
SMH,354
SMK,949
SMM,394
SML,1418
SMN,628
SMQ,640
SMP,1073
SMS,1315
SMR,685
SMT,869
SMW,173
SMV,1025
SMY,425
SNA,1602
SND,1099
SNC,686
SNF,1215
SNE,1434
SNH,721
SNG,1883
SNI,1714
SNL,3643
SNK,1592
SNN,1279
SNM,725
SNP,2106
SNR,1358
SNQ,1253
SNT,1676
SNS,3301
SNV,1789
SNW,390
SNY,881
SPA,6041
SPD,3068
SPC,1380
SPF,1910
SPE,5106
SPH,1529
SPG,5827
SPI,1814
SPL,5539
SPK,2836
SPN,1776
SPM,1001
SPP,5623
SPR,3701
SPQ,3065
SPT,3922
SPS,7575
SPV,4061
SPW,725
SPY,1329
SQA,3339
SQC,840
SQE,3704
SQD,2301
SQG,2973
SQF,1171
SQI,1711
SQH,1193
SQK,2442
SQM,892
SQL,4286
SQN,1586
SQQ,2227
SQP,3273
SQS,3797
SQR,2357
SQU,1
SQT,2267
SQW,427
SQV,2557
SQY,972
SRA,3548
SRD,2595
SRC,993
SRF,1690
SRE,3505
SRH,1470
SRG,3590
SRI,2024
SRL,4786
SRK,2899
SRN,1817
SRM,872
SRP,3238
SRR,3549
SRQ,2144
SRT,2678
SRS,5723
SRV,2633
SRW,608
SRY,1186
SSA,6851
SSC,2571
SSE,6091
SSD,4894
SSG,7414
SSF,3469
SSI,3467
SSH,2723
SSK,4219
SSM,1626
SSL,10308
SSN,3375
SSQ,4477
SSP,8075
SSS,16864
SSR,5101
SST,6189
SSW,1146
SSV,5834
SSY,2430
STA,3827
STD,2218
STC,1319
STF,1927
STE,3158
STH,1192
STG,3397
STI,2108
STL,5297
STK,2109
STN,1552
STM,936
STP,4302
STR,2066
STQ,2003
STT,3535
STS,5748
STV,3356
STW,560
STY,1167
SUC,1
SUG,1
SUQ,1
SUR,2
SUY,1
SVA,3689
SVD,2588
SVC,1277
SVF,2180
SVE,3201
SVH,1387
SVG,3135
SVI,2552
SVL,5921
SVK,2684
SVN,1769
SVM,1040
SVP,3839
SVR,2515
SVQ,2314
SVT,3590
SVS,5574
SVV,3386
SVW,584
SVY,1374
SWA,820
SWC,218
SWE,836
SWD,687
SWG,879
SWF,492
SWI,589
SWH,276
SWK,721
SWM,289
SWL,1167
SWN,479
SWQ,519
SWP,605
SWS,1035
SWR,778
SWT,716
SWW,232
SWV,816
SWY,373
SYA,1246
SYC,540
SYE,1276
SYD,1134
SYG,1530
SYF,1042
SYI,1223
SYH,625
SYK,1182
SYM,470
SYL,2742
SYN,1000
SYQ,1081
SYP,1286
SYS,2424
SYR,1306
SYU,1
SYT,1422
SYW,312
SYV,1498
SYY,817
TAA,4103
TAD,1635
TAC,817
TAF,1536
TAE,2871
TAH,923
TAG,2661
TAI,1843
TAL,4504
TAK,1832
TAN,1292
TAM,896
TAP,2579
TAR,2042
TAQ,1832
TAT,2989
TAS,4000
TAV,2954
TAW,429
TAY,983
CAA,1230
CAC,418
CAE,915
CAD,724
CAG,1001
CAF,562
CAI,555
CAH,371
CAK,675
CAM,244
CAL,1548
CAN,517
CAQ,696
TCA,862
CAP,900
TCD,620
CAS,1279
TCC,502
CAR,841
TCF,581
CAT,721
TCE,935
TCH,529
CAW,187
CAV,1064
TCG,1138
CAY,332
TCI,684
TCL,1418
TCK,744
TCN,522
TCM,239
TCP,991
TCR,865
TCQ,794
TCT,820
TCS,1514
TCV,957
TCW,194
TCY,435
TDA,1668
TDC,568
TDE,1842
TDD,1376
TDG,1728
TDF,1225
TDI,1450
TDH,615
TDK,1345
TDM,598
TDL,2728
TDN,1009
CCA,461
TDQ,972
TDP,1622
TDS,2483
CCC,518
TDR,1215
CCE,416
TDT,1659
CCD,271
CCG,617
TDW,370
TDV,1745
CCF,305
CCI,302
TDY,769
CCH,237
CCK,425
CCM,100
CCL,780
CCN,221
CCQ,622
TEA,3089
CCP,605
TED,2405
CCS,714
TEC,833
CCR,724
TEF,1230
TEE,4235
CCT,330
CCW,140
TEH,873
TEG,2392
CCV,602
CCY,221
TEI,1720
TEL,3449
TEK,2681
TEN,1630
TEM,871
TEP,2026
TER,1877
CDA,605
TEQ,1567
TET,2210
CDD,570
TES,2603
CDC,480
TEV,2327
CDF,478
CDE,746
CDH,291
TEW,380
CDG,721
CDI,698
TEY,887
CDL,1093
CDK,779
CDN,424
CDM,235
CDP,778
TFA,1219
TFC,677
CDR,668
CDQ,454
TFE,1386
CDT,517
TFD,1102
CDS,941
CDV,812
TFG,1331
TFF,998
TFI,1128
CDW,122
TFH,746
TFK,1231
CDY,303
TFM,414
TFL,2577
TFN,997
CEA,1088
TFQ,1235
TFP,1410
TFS,2578
CEC,472
TFR,1342
CEE,2011
CED,918
TFT,1596
TFW,314
CEG,867
CEF,416
TFV,1268
CEI,624
TFY,741
CEH,386
CEK,1168
CEM,303
CEL,1160
CEN,680
CEQ,692
TGA,2712
CEP,666
CES,886
TGD,1944
CER,777
TGC,636
TGF,1378
TGE,6001
CET,757
TGH,1104
CEW,154
CEV,1041
TGG,2449
CEY,341
TGI,1780
TGL,3563
TGK,2464
TGN,1463
TGM,750
TGP,2463
TGR,2097
CFA,530
TGQ,1789
TGT,2838
CFD,439
TGS,3553
CFC,311
TGV,2211
CFF,396
CFE,541
CFH,276
CFG,548
TGW,461
TGY,1096
CFI,478
CFL,1191
CFK,387
CFN,305
CFM,168
THA,718
CFP,584
CFR,503
THC,380
CFQ,487
CFT,540
THE,694
CFS,945
THD,449
THG,835
CFV,643
THF,629
THI,712
CFW,137
THH,451
THK,779
CFY,314
THM,298
THL,1739
THN,510
CGA,1190
THQ,799
THP,962
THS,1563
CGC,529
THR,826
CGE,1253
THT,1903
CGD,928
CGG,1555
THW,181
THV,854
CGF,610
THY,453
CGI,688
CGH,692
CGK,5411
CGM,287
CGL,1540
CGN,775
CGQ,837
CGP,1139
TIA,1585
TID,1070
CGS,1738
CGR,1356
TIC,656
TIF,1108
CGU,1
TIE,1551
CGT,878
TIH,809
CGW,239
TIG,1308
CGV,943
CGY,467
TII,1408
TIL,2686
TIK,1535
TIN,1046
TIM,605
TIP,1660
TIR,1361
TIQ,1350
CHA,389
CHD,289
TIT,1949
TIS,2696
CHC,324
TIV,1419
CHF,284
CHE,404
CHH,243
CHG,485
TIW,271
TIY,757
CHI,343
CHL,833
CHK,361
CHN,276
CHM,125
CHP,649
CHR,546
CHQ,419
CHT,387
CHS,696
CHV,440
CHW,75
CHY,217
CIA,724
CIC,358
CIE,610
CID,535
CIG,496
CIF,468
CII,572
CIH,312
CIK,507
CIM,205
CIL,994
CIN,489
CIQ,523
TKA,2059
CIP,660
CIS,1008
TKD,1630
CIR,532
TKC,520
TKF,801
TKE,2717
CIT,524
TKH,859
CIW,139
TKG,1694
CIV,603
CIY,305
TKI,1337
TKL,2428
TKK,2258
TKN,1231
TKM,661
TKP,1666
TKR,1472
TKQ,1271
TKT,1697
TKS,2071
TKV,1850
TKW,310
TKY,807
TLA,4128
TLC,1311
TLE,4176
TLD,2650
TLG,3433
TLF,1957
TLI,2425
TLH,1595
TLK,3589
TLM,1072
TLL,6270
TLN,2258
CKA,977
TLQ,3444
TLP,3969
CKC,402
TLS,5158
TLR,3729
CKE,1725
TLT,4003
CKD,837
CKG,648
TLW,675
TLV,3276
CKF,413
TLY,1539
CKI,654
CKH,327
CKK,969
CKM,289
CKL,991
CKN,667
CKQ,735
CKP,773
TMA,936
TMD,641
CKS,792
CKR,610
TMC,230
TMF,349
TME,960
CKT,635
TMH,254
CKW,136
CKV,855
TMG,639
CKY,360
TMI,445
TML,996
TMK,727
TMN,451
TMM,306
TMP,669
TMR,482
CLA,1795
TMQ,492
CLD,1320
TMT,751
CLC,801
TMS,899
CLF,798
TMV,743
CLE,1862
CLH,736
CLG,1454
TMW,102
CLI,907
TMY,294
CLL,2865
CLK,1300
CLN,966
CLM,444
TNA,1136
CLP,1775
TNC,448
CLR,1423
CLQ,1416
TNE,1183
CLT,1157
CLS,1980
TND,755
CLV,1453
TNG,1279
TNF,739
TNI,1078
TNH,580
CLW,277
TNK,1080
CLY,598
TNM,416
TNL,1928
TNN,755
CMA,359
TNQ,865
TNP,1106
TNS,1680
CMC,97
TNR,946
CME,397
TNT,1229
CMD,277
TNW,215
CMG,228
TNV,1203
CMF,161
CMI,160
TNY,610
CMH,99
CMK,253
CMM,85
CML,414
CMN,175
CMQ,191
CMP,159
CMS,278
CMR,214
CMT,200
CMW,50
CMV,302
CMY,128
CNA,434
CND,396
CNC,309
CNF,328
CNE,1133
CNH,294
CNG,580
CNI,486
CNL,822
CNK,610
CNN,414
CNM,168
TPA,3350
CNP,584
TPC,662
CNR,456
CNQ,468
TPE,3249
CNT,485
CNS,734
TPD,1709
TPG,3125
CNV,543
TPF,1082
TPI,1377
TPH,793
CNW,114
TPK,1933
CNY,269
TPM,919
TPL,4065
TPN,1109
TPQ,1870
TPP,3473
TPS,4398
TPR,2032
TPT,2886
TPW,345
TPV,2754
TPY,811
TQA,1974
TQD,1264
TQC,503
TQF,751
TQE,2136
TQH,844
TQG,1603
TQI,1159
TQL,2476
TQK,1502
TQN,1047
TQM,570
TQP,1645
TQR,1391
TQQ,1371
CPA,1264
TQT,1640
CPD,837
TQS,1878
CPC,366
TQV,1554
CPF,552
CPE,1408
CPH,477
CPG,1149
TQW,252
CPI,512
TQY,574
CPL,1289
CPK,679
CPN,500
CPM,269
TRA,1908
CPP,1501
CPR,1150
TRC,509
CPQ,769
TRE,2041
CPT,742
TRD,1314
CPS,1401
TRG,1666
CPV,1056
TRF,909
TRI,1276
TRH,953
CPW,210
TRK,1735
CPY,382
TRM,532
TRL,2743
TRN,1052
CQA,1002
TRQ,1184
TRP,1682
CQC,413
TRS,2270
TRR,1868
CQE,1079
CQD,719
TRT,1564
CQG,804
TRW,302
TRV,1624
CQF,336
TRY,689
CQI,437
CQH,384
CQK,777
CQM,232
CQL,1069
CQN,561
CQQ,737
TSA,3840
CQP,1061
CQS,839
TSD,2312
CQR,678
TSC,1046
TSF,1821
CQU,1
TSE,3156
CQT,603
TSH,1286
CQW,131
TSG,3591
CQV,767
CQY,327
TSI,2078
TSL,5094
TSK,2341
TSN,1710
TSM,860
TSP,3925
TSR,2452
TSQ,2389
CRA,1107
TST,3728
CRD,833
TSS,6321
CRC,547
TSV,3359
CRF,449
CRE,1089
TSU,1
CRH,441
CRG,977
TSW,598
TSY,1192
CRI,514
CRL,1348
CRK,996
CRN,715
CRM,261
TTA,2719
CRP,1039
CRR,1084
TTC,822
CRQ,725
CRT,646
TTE,2132
CRS,1042
TTD,1443
TTG,2274
CRV,844
TTF,1218
TTI,1594
TTH,950
CRW,181
TTK,1611
CRY,362
TTM,673
TTL,3213
TTN,1103
TTQ,1369
CSA,1454
TTP,2769
TTS,3804
CSC,827
TTR,1484
CSE,1703
CSD,1175
TTT,3489
CSG,1463
TTW,393
TTV,2718
CSF,831
CSI,889
TTY,840
CSH,700
CSK,1097
CSM,392
CSL,2104
CSN,734
CSQ,1119
CSP,1508
CSS,2588
CSR,1257
CSU,1
CST,1067
CSW,306
CSV,1466
CSY,518
TUP,3
CTA,889
TUQ,1
CTD,737
CTC,532
TUS,1
CTF,521
CTE,877
CTH,311
CTG,748
CTI,525
CTL,1165
CTK,594
CTN,467
CTM,267
TVA,2902
CTP,705
CTR,618
TVC,946
CTQ,555
CTT,588
TVE,2712
CTS,1076
TVD,1862
CTV,938
TVG,2220
TVF,1705
CTU,2
TVI,2142
CTW,203
TVH,1227
TVK,2349
CTY,345
TVM,918
TVL,4344
TVN,1628
TVQ,1914
TVP,2656
TVS,3648
TVR,2116
TVT,3506
TVW,487
CUG,4
TVV,2794
TVY,1098
TWA,519
TWD,393
TWC,115
TWF,271
TWE,568
TWH,235
TWG,417
TWI,340
TWL,795
TWK,581
TWN,383
TWM,198
TWP,356
TWR,484
CVA,1163
TWQ,346
CVD,801
TWT,507
TWS,588
CVC,653
CVF,550
TWV,482
CVE,891
CVH,363
CVG,798
TWW,110
CVI,617
TWY,258
CVL,1485
CVK,681
CVN,689
CVM,240
CVP,1012
CVR,748
CVQ,585
CVT,694
CVS,1280
CVV,1021
CVW,225
CVY,355
CWA,332
CWC,105
CWE,232
CWD,204
CWG,191
CWF,127
CWI,126
CWH,104
CWK,239
CWM,87
CWL,364
CWN,140
CWQ,159
TYA,823
CWP,146
TYD,737
CWS,224
CWR,162
TYC,416
TYF,659
TYE,1031
CWT,167
CWW,45
TYH,498
TYG,981
CWV,218
CWY,82
TYI,818
TYL,1494
TYK,801
TYN,608
TYM,332
TYP,734
TYR,1053
TYQ,775
TYT,1004
TYS,1517
TYV,928
TYW,191
TYY,563
CYA,357
CYC,225
CYE,405
CYD,354
CYG,433
CYF,301
CYI,327
CYH,191
CYK,325
CYM,134
CYL,694
CYN,324
CYQ,302
CYP,307
CYS,749
CYR,434
CYT,377
CYW,94
CYV,435
CYY,251
DAA,2736
DAD,1809
DAC,728
DAF,1402
DAE,2443
DAH,757
DAG,2355
DAI,1438
DAL,3388
DAK,1518
DAN,972
DAM,620
DAP,1613
DAR,1481
UCC,1
DAQ,1272
DAT,1392
DAS,2497
DAV,2353
DAW,382
DAY,810
DCA,695
DCD,570
DCC,311
DCF,482
DCE,729
DCH,306
DCG,1353
DCI,546
DCL,1142
DCK,604
DCN,378
DCM,196
DCP,775
DCR,624
DCQ,467
DCT,569
DCS,1108
DCV,740
DCW,179
DCY,363
DDA,1450
DDC,618
DDE,2673
UEU,1
DDD,2770
DDG,1725
DDF,1419
DDI,1669
DDH,513
DDK,1223
DDM,635
DDL,2724
DDN,1115
DDQ,861
DDP,1410
DDS,2467
DDR,1118
DDT,1259
DDW,347
DDV,1718
DDY,849
DEA,2634
DED,3689
DEC,1021
DEF,1213
DEE,4993
DEH,756
DEG,2170
DEI,1827
DEL,3384
DEK,2317
DEN,1736
DEM,791
DEP,1394
DER,1456
UGC,1
DEQ,1356
DET,1542
DES,2167
DEV,2241
DEW,368
UGK,1
DEY,920
UGL,2
DFA,1162
DFC,581
UGS,1
UGR,1
DFE,1601
DFD,1190
UGT,2
DFG,1542
DFF,998
DFI,1265
UGY,2
DFH,649
DFK,1146
DFM,447
DFL,2840
DFN,800
DFQ,1135
DFP,1168
DFS,2101
DFR,1202
DFT,1257
DFW,354
DFV,1435
DFY,798
DGA,2336
DGD,2004
DGC,674
DGF,1434
DGE,2637
DGH,937
DGG,2521
DGI,1597
DGL,2989
DGK,2532
DGN,1330
DGM,562
DGP,1845
DGR,2185
DGQ,1628
DGT,2306
DGS,3516
DGV,2119
UIF,1
DGW,463
DGY,1018
DHA,600
DHC,346
DHE,708
DHD,541
DHG,774
DHF,600
DHI,707
DHH,395
DHK,589
DHM,297
DHL,1488
DHN,446
DHQ,611
DHP,772
DHS,1099
DHR,683
DHT,641
DHW,185
DHV,766
DHY,449
DIA,1612
DID,1522
DIC,777
DIF,1336
DIE,1735
DIH,690
DIG,1195
DII,1646
DIL,3031
DIK,1707
DIN,1348
DIM,603
DIP,1586
DIR,1366
DIQ,1234
DIT,1575
DIS,2396
DIV,1723
DIW,411
UKK,1
DIY,981
UKL,1
UKN,1
ULG,1
DKA,1850
DKD,1853
DKC,515
DKF,907
DKE,2419
DKH,593
DKG,1515
DKI,1506
DKL,2612
DKK,1981
DKN,1209
DKM,654
DKP,1298
DKR,1204
DKQ,969
DKT,1449
DKS,1833
DKV,1884
DKW,314
DKY,907
DLA,3486
DLC,1172
DLE,4655
DLD,2979
DLG,3146
DLF,1879
DLI,2548
DLH,1327
DLK,3544
DLM,1050
DLL,5883
DLN,2049
DLQ,2834
DLP,2970
DLS,4670
DLR,3137
DLT,2762
DLW,567
DLV,3210
DLY,1431
DMA,854
DMD,805
DMC,203
DMF,472
DME,1035
DMH,253
DMG,595
DMI,480
DML,1145
DMK,768
DMN,494
DMM,288
DMP,474
DMR,535
DMQ,447
DMT,541
DMS,750
DMV,803
DMW,172
DMY,344
DNA,1125
DNC,502
DNE,1172
DND,913
DNG,1132
DNF,847
DNI,1245
DNH,453
DNK,995
DNM,411
DNL,2003
DNN,694
DNQ,755
DNP,1131
DNS,1619
DNR,872
DNT,912
DNW,247
DNV,1106
DNY,549
UPP,2
UPS,2
UQC,1
UQG,1
UQI,1
UQL,1
DPA,2648
DPC,619
DPE,2965
DPD,2098
DPG,2295
DPF,1079
DPI,929
DPH,763
DPK,1731
DPM,465
DPL,2510
DPN,1514
DPQ,1590
DPP,1678
DPS,3113
DPR,1911
DPT,1616
DPW,350
DPV,2028
DPY,899
URL,1
DQA,1296
DQD,1309
DQC,449
DQF,636
URV,1
DQE,1733
URU,1
DQH,511
DQG,1312
DQI,1023
DQL,2264
DQK,1060
DQN,854
DQM,438
DQP,1047
DQR,1052
DQQ,948
DQT,897
DQS,1293
DQV,1357
DQW,299
DQY,543
DRA,1610
DRC,807
USS,2
DRE,2247
DRD,1643
DRG,1728
DRF,1181
DRI,1385
USY,1
DRH,690
DRK,1525
DRM,571
DRL,2700
DRN,959
DRQ,1001
DRP,1346
DRS,1842
DRR,1571
DRT,1198
DRW,336
DRV,1589
DRY,1212
DSA,2731
DSD,3217
DSC,1098
DSF,1808
DSE,3782
DSH,1009
DSG,3690
DSI,1827
DSL,4715
DSK,2207
DSN,1500
DSM,747
DSP,2716
DSR,2084
DSQ,1926
DST,2266
DSS,5100
DSV,2747
DSW,628
DSY,1242
DTA,1918
DTC,619
DTE,2042
DTD,1453
DTG,1722
DTF,1241
DTI,1358
DTH,626
DTK,1239
DTM,533
DTL,2793
DTN,848
DTQ,1083
DTP,1564
DTS,2550
DTR,1171
DTT,1572
DTW,415
DTV,1981
DTY,879
DUL,1
DVA,2524
DVC,760
DVE,2295
DVD,2140
DVG,1767
DVF,1430
DVI,1832
DVH,761
DVK,1867
DVM,840
DVL,3361
DVN,1531
DVQ,1470
DVP,1735
DVS,2681
DVR,1559
DVT,2014
DVW,480
DVV,2379
DVY,988
DWA,434
DWD,400
DWC,173
DWF,255
DWE,523
DWH,176
DWG,336
DWI,387
DWL,739
DWK,469
DWN,328
DWM,157
DWP,298
DWR,414
DWQ,309
DWT,397
DWS,519
DWV,416
DWW,166
DWY,176
UYL,1
DYA,798
DYD,938
DYC,359
DYF,786
DYE,1339
DYH,403
DYG,924
DYI,1040
DYL,1583
DYK,798
DYN,599
DYM,344
DYP,630
DYR,895
DYQ,585
DYT,698
DYS,1239
DYV,1061
DYW,211
DYY,729
VAA,4786
VAD,2047
VAC,958
VAF,1815
VAE,3442
VAH,1090
VAG,3440
VAI,2386
VAL,4724
VAK,2159
VAN,1438
VAM,1024
VAP,2538
VAR,2382
VAQ,2112
VAT,2720
VAS,3852
VAV,3961
VAW,570
VAY,1065
EAA,5855
EAC,1209
EAE,5675
EAD,2343
EAG,3825
EAF,2256
EAI,2489
EAH,1146
EAK,3124
EAM,1321
EAL,6943
EAN,1411
EAQ,3033
EAP,3207
VCA,1063
EAS,4176
VCD,874
EAR,3183
VCC,476
VCF,629
EAT,2784
VCE,1011
EAW,783
VCH,445
EAV,4025
VCG,1557
EAY,1149
VCI,651
VCL,1477
VCK,956
VCN,686
VCM,304
VCP,840
VCR,1114
VCQ,773
VCT,855
VCS,1420
VCV,987
VCW,215
VCY,382
VDA,1991
VDC,718
VDE,2425
VDD,1573
VDG,2266
VDF,1519
VDI,1805
VDH,766
VDK,1686
VDM,766
VDL,3116
VDN,1053
VDQ,1119
ECA,833
VDP,1960
VDS,2627
ECC,307
VDR,1634
ECE,1050
ECD,752
VDT,1674
ECG,3983
VDW,526
ECF,511
VDV,2345
VDY,983
ECI,638
ECH,423
ECK,1370
ECM,274
ECL,1568
ECN,761
ECQ,747
VEA,3193
ECP,796
ECS,1414
VED,2559
VEC,704
ECR,932
VEF,1377
VEE,4537
ECT,673
VEH,984
ECW,153
VEG,2504
ECV,951
ECY,380
VEI,1736
VEL,3590
VEK,3232
VEN,1932
VEM,1031
VEP,1973
VER,2396
VEQ,1756
EDA,3057
VET,2132
EDD,3336
EDC,1055
VES,2562
EDF,2216
VEV,2975
EDE,5102
EDH,880
VEW,457
EDG,3498
EDI,2572
VEY,1023
EDL,5128
EDK,2432
EDN,1397
EDM,1125
VFA,1643
EDP,2521
EDR,2009
VFC,631
EDQ,1925
EDT,2318
VFE,1522
EDS,3999
VFD,1387
EDV,3182
VFG,1791
VFF,1117
VFI,1318
VFH,795
EDW,562
VFK,1278
EDY,1437
VFM,521
VFL,2942
VFN,1023
EEA,6541
VFQ,1354
VFP,1340
EEC,2054
VFS,2533
VFR,1398
EEE,15471
EED,5785
VFT,1561
EEG,4700
VFW,354
EEF,2497
VFV,1863
EEI,4022
VFY,946
EEH,1359
EEK,6398
EEM,2144
EEL,8909
EEN,3151
EEQ,3935
EEP,3512
VGA,2829
EES,4591
VGD,1971
EER,4520
VGC,858
VGF,1500
EET,3663
VGE,2359
EEW,1061
VGH,849
EEV,4756
VGG,3132
EEY,1703
VGI,1837
VGL,3515
VGK,1986
VGN,1572
VGM,782
VGP,2190
VGR,2059
VGQ,1510
EFA,1196
VGT,2220
EFD,1089
EFC,543
VGS,3287
VGV,2356
EFF,995
EFE,1512
EFH,588
EFG,1130
VGW,456
VGY,976
EFI,1289
EFL,2815
EFK,1230
EFN,744
EFM,472
VHA,989
EFP,1083
VHC,527
EFR,1186
EFQ,1222
EFT,1138
VHE,951
EFS,1877
VHD,594
EFV,1488
VHG,1051
VHF,706
VHI,903
VHH,515
EFW,348
VHK,907
EFY,768
VHM,393
VHL,1759
VHN,569
VHQ,984
EGA,3324
VHP,1044
VHS,1500
EGC,1025
VHR,1115
EGE,3922
VHT,1491
EGD,2549
EGG,3167
VHW,240
EGF,1592
VHV,1079
EGI,1903
VHY,556
EGH,1177
EGK,2984
EGM,867
EGL,4535
EGN,1561
EGQ,2116
EGP,3016
VIA,2055
EGS,4004
VID,1583
VIC,783
EGR,2760
VIF,1428
VIE,1873
EGT,2662
EGW,645
VIH,1003
VIG,1994
EGV,2452
EGY,1224
VII,1577
VIL,3221
VIK,1749
VIN,1398
VIM,648
VIP,1751
VIR,1624
VIQ,1707
EHA,874
VIT,1957
EHD,540
EHC,462
VIS,2718
VIV,2017
EHF,807
EHE,947
EHH,539
EHG,1084
VIW,350
VIY,1006
EHI,892
EHL,2205
EHK,865
EHN,494
EHM,408
EHP,949
EHR,1041
EHQ,949
EHT,744
EHS,1289
EHV,1084
EHW,257
EHY,526
EIA,1892
EIC,746
EIE,2760
EID,1635
EIG,1331
EIF,1326
EII,1986
EIH,856
EIK,2373
EIM,777
EIL,3941
EIN,1445
EIQ,2055
EIP,1817
VKA,2545
VKD,2030
EIS,2644
EIR,1965
VKC,662
VKF,1158
VKE,3445
EIT,1900
VKH,883
EIW,366
EIV,2034
VKG,2045
EIY,976
VKI,1791
VKL,3015
VKK,2923
VKN,1621
VKM,869
VKP,1917
VKR,1969
VKQ,1638
VKT,2073
VKS,2440
VKV,2472
VKW,397
VKY,940
VLA,5053
VLC,1551
VLE,5124
VLD,3633
VLG,4679
VLF,2461
VLI,2719
VLH,1831
VLK,3871
VLM,1379
VLL,7463
VLN,2479
VLQ,4233
EKA,3963
VLP,3737
VLS,5656
EKC,1058
VLR,4013
EKE,6166
VLT,3763
EKD,2774
VLW,821
EKG,3087
EKF,1758
VLV,4506
VLY,1911
EKI,3197
EKH,1319
EKK,4445
EKM,1669
EKL,6520
EKN,2188
EKQ,2845
EKP,6106
VMA,1120
EKS,3666
VMD,792
EKR,3255
VMC,242
VMF,436
VME,1150
EKT,2797
VMH,278
EKW,550
VMG,843
EKV,3373
EKY,1598
VMI,497
VML,1488
VMK,753
VMN,543
VMM,315
VMP,654
VMR,664
ELA,4843
VMQ,557
ELD,3316
VMT,678
VMS,929
ELC,1580
ELF,2385
VMV,1014
ELE,6891
ELH,1725
ELG,3726
VMW,134
ELI,2915
VMY,379
ELL,8303
ELK,4449
ELN,2434
ELM,1478
ELP,3712
VNA,1536
ELR,4719
VNC,579
ELQ,4814
ELT,3231
VNE,1548
ELS,5181
VND,1288
VNG,2021
ELV,3885
VNF,991
VNI,1410
ELW,814
VNH,601
VNK,1370
ELY,1790
VNM,571
VNL,2314
VNN,1050
EMA,1316
VNQ,1043
VNP,1273
VNS,1993
EMC,330
VNR,1086
EME,1931
VNT,1335
EMD,948
EMG,820
VNW,294
VNV,1650
EMF,613
VNY,735
EMI,817
EMH,312
EMK,1414
EMM,480
EML,1883
EMN,689
EMQ,858
EMP,768
EMS,1049
EMR,820
EMT,840
EMW,163
EMV,1144
EMY,439
ENA,1910
END,1477
ENC,796
ENF,1488
ENE,2691
ENH,786
ENG,2520
ENI,2265
ENL,3804
ENK,2244
ENN,1364
ENM,863
VPA,3370
ENP,1756
ENR,1537
VPC,854
ENQ,1598
VPE,3231
ENT,1688
ENS,2731
VPD,1874
VPG,3501
ENV,2157
VPF,1417
VPI,1428
ENW,363
VPH,819
VPK,1827
ENY,1211
VPM,691
VPL,3585
VPN,1130
VPQ,1800
VPP,3458
VPS,3676
VPR,2093
VPT,2135
VPW,446
VPV,3079
VPY,949
VQA,2399
VQD,1474
VQC,654
VQF,945
VQE,2551
VQH,854
VQG,1812
VQI,1212
VQL,2893
VQK,1949
VQN,1195
VQM,617
VQP,1710
VQR,1930
EPA,2719
VQQ,1697
VQT,1557
EPD,1531
VQS,1961
EPC,793
VQV,1983
EPF,955
EPE,3454
EPH,773
EPG,3558
VQW,390
EPI,1275
VQY,810
EPL,3629
EPK,1607
EPN,823
EPM,589
EPP,3588
VRA,2611
EPR,2009
VRC,729
EPQ,1757
EPT,1762
VRE,2490
EPS,3235
VRD,1767
EPV,2527
VRG,2087
VRF,1258
VRI,1465
EPW,558
VRH,898
VRK,2134
EPY,708
VRM,642
VRL,3033
VRN,1259
VRQ,1609
EQA,2428
VRP,1662
VRS,2235
EQC,608
VRR,2370
EQE,3706
VRT,1854
EQD,1503
EQG,2023
VRW,435
EQF,1171
VRV,2198
EQI,1774
VRY,851
EQH,817
EQK,2111
EQM,886
EQL,4626
EQN,1159
EQQ,2261
VSA,3939
EQP,1624
EQS,1925
VSD,2418
EQR,2172
VSC,1346
VSF,2052
VSE,3687
EQT,1320
EQW,402
VSH,1301
VSG,3774
EQV,2071
EQY,904
VSI,2140
VSL,5323
VSK,2524
VSN,1777
VSM,1015
VSP,3414
VSR,2892
ERA,3125
VSQ,2477
VST,3079
ERD,2180
ERC,874
VSS,5930
ERF,1480
VSV,3587
ERE,4183
VSU,1
ERH,1069
ERG,2651
VSW,906
ERI,2127
VSY,1468
ERL,5211
ERK,2835
ERN,1496
ERM,942
ERP,2784
VTA,3011
ERR,3414
VTC,1025
ERQ,2165
ERT,2016
VTE,2947
VTD,2095
ERS,2736
VTG,3156
ERV,2397
VTF,1745
VTI,2051
VTH,955
ERW,492
VTK,2017
ERY,1074
VTM,883
VTL,4223
VTN,1394
VTQ,1740
ESA,2707
VTP,2570
VTS,3706
ESC,1122
VTR,1920
ESE,3989
VTU,1
VTT,2359
ESD,2388
VTW,634
ESG,3178
VTV,3524
ESF,1817
ESI,2122
VTY,1028
ESH,1087
ESK,2581
ESM,942
ESL,5349
ESN,1380
ESQ,2368
ESP,3012
ESS,5006
ESR,2498
EST,2604
ESW,654
ESV,2873
ESY,1137
ETA,2389
ETD,1636
ETC,759
ETF,1546
ETE,3036
ETH,822
ETG,2127
ETI,1794
ETL,4375
ETK,2176
ETN,1167
ETM,740
ETP,2298
VVA,3389
VVC,1067
ETR,1856
ETQ,1884
ETT,2239
VVE,2830
ETS,3142
VVD,2219
ETV,2657
VVG,2841
VVF,1741
VVI,2038
ETW,489
VVH,1132
VVK,2333
ETY,945
VVM,985
VVL,4461
VVN,1580
VVQ,2026
VVP,2372
VVS,3659
VVR,2257
VVT,2738
VVW,470
VVV,3172
VVY,1186
VWA,589
EUP,1
VWD,545
VWC,141
VWF,342
VWE,499
VWH,206
VWG,464
VWI,381
VWL,751
VWK,523
VWN,402
VWM,175
VWP,293
VWR,484
EVA,3100
VWQ,345
EVD,2404
VWT,417
VWS,663
EVC,913
EVF,1783
VWV,512
EVE,4007
EVH,988
EVG,2166
VWW,104
EVI,2445
VWY,220
EVL,5201
EVK,3030
EVN,1555
EVM,1056
EVP,2521
EVR,2246
EVQ,2300
EVT,2972
EVS,3261
EVV,3288
EVW,560
EVY,1207
EWA,477
EWC,121
EWE,664
EWD,399
EWG,450
EWF,307
EWI,424
EWH,197
EWK,632
EWM,192
EWL,892
EWN,307
EWQ,451
EWP,265
VYA,1042
EWS,520
VYD,916
EWR,451
VYC,521
VYF,850
VYE,1137
EWT,459
VYH,532
EWW,120
VYG,1112
EWV,484
EWY,243
VYI,904
VYL,1682
VYK,978
VYN,797
VYM,333
VYP,835
VYR,995
VYQ,845
VYT,1126
VYS,1572
VYV,1139
VYW,253
VYY,674
EYA,897
EYC,449
EYE,1359
EYD,794
EYG,892
EYF,858
EYI,978
EYH,397
EYK,1061
EYM,443
EYL,2141
EYN,649
EYQ,917
EYP,655
EYS,1192
EYR,884
EYT,845
EYW,229
EYV,1116
EYY,586
WAA,852
WAC,240
WAE,582
WAD,377
WAG,583
WAF,367
WAI,358
WAH,207
WAK,445
WAM,166
WAL,1163
WAN,234
WAQ,472
WAP,618
WAS,781
WAR,574
WAT,457
WAW,164
WAV,592
WAY,181
FAA,1659
FAD,1139
FAC,538
FAF,1035
FAE,1447
FAH,549
FAG,1383
FAI,1077
FAL,2097
FAK,1261
FAN,877
FAM,462
FAP,1085
WCA,149
FAR,1173
WCC,105
FAQ,992
FAT,1159
WCE,180
FAS,1760
WCD,109
FAV,1622
WCG,192
WCF,112
WCI,102
FAW,282
WCH,91
WCK,122
FAY,613
WCM,33
WCL,267
WCN,98
WCQ,159
WCP,195
WCS,221
WCR,209
WCT,95
WCW,56
WCV,173
WCY,108
WDA,408
WDD,350
WDC,180
WDF,288
WDE,477
WDH,184
WDG,423
WDI,347
WDL,779
WDK,370
WDN,246
WDM,170
WDP,535
WDR,407
WDQ,340
FCA,651
WDT,452
FCD,680
WDS,580
FCC,363
WDV,471
FCF,468
FCE,680
FCH,332
FCG,916
WDW,134
WDY,238
FCI,478
FCL,1088
FCK,571
FCN,423
FCM,197
WEA,694
FCP,555
FCR,647
WEC,171
FCQ,492
WEE,964
FCT,499
FCS,912
WED,566
FCV,517
WEG,531
WEF,216
WEI,388
WEH,200
FCW,178
WEK,755
FCY,371
WEM,206
WEL,740
WEN,391
FDA,1071
WEQ,505
WEP,507
FDC,387
WES,525
WER,597
FDE,1320
FDD,1036
WET,423
WEW,138
FDG,1140
WEV,640
FDF,893
FDI,963
WEY,198
FDH,511
FDK,940
FDM,340
FDL,1719
FDN,754
FDQ,679
FDP,1135
WFA,252
FDS,1441
WFD,231
FDR,1012
WFC,162
WFF,208
FDT,860
WFE,243
FDW,267
WFH,193
FDV,1148
WFG,297
FDY,659
WFI,220
WFL,514
WFK,311
WFN,169
WFM,72
WFP,308
WFR,309
FEA,1424
WFQ,406
FED,1780
WFT,265
FEC,615
WFS,406
FEF,659
WFV,294
FEE,2282
FEH,507
FEG,1394
WFW,119
FEI,1042
WFY,138
FEL,1541
FEK,1669
FEN,1159
FEM,454
WGA,532
FEP,817
FER,1185
WGC,194
FEQ,938
FET,1154
WGE,502
FES,1394
WGD,374
FEV,1338
WGG,612
WGF,260
WGI,292
FEW,200
WGH,250
WGK,411
FEY,586
WGM,121
WGL,880
WGN,309
WGQ,442
FFA,917
WGP,779
WGS,713
FFC,639
WGR,557
FFE,827
WGT,457
FFD,791
FFG,1056
WGW,166
WGV,425
FFF,901
FFI,1064
WGY,216
FFH,517
FFK,978
FFM,346
FFL,2238
FFN,760
FFQ,789
WHA,148
FFP,904
FFS,1589
WHD,134
FFR,1033
WHC,109
WHF,118
WHE,177
FFT,1085
FFW,248
WHH,140
FFV,1038
WHG,203
FFY,548
WHI,150
WHL,363
WHK,221
WHN,101
WHM,70
WHP,262
WHR,238
FGA,1536
WHQ,179
FGD,1291
WHT,185
FGC,483
WHS,305
WHV,163
FGF,1223
FGE,1489
FGH,660
WHW,58
FGG,2072
FGI,1229
WHY,95
FGL,2250
FGK,1476
FGN,1159
FGM,550
FGP,1346
WIA,302
FGR,1226
WIC,185
FGQ,1104
WIE,399
FGT,1335
WID,291
FGS,2087
FGV,1472
WIG,400
WIF,248
WII,318
FGW,266
WIH,219
WIK,384
FGY,709
WIM,114
WIL,650
WIN,301
FHA,618
WIQ,330
WIP,386
WIS,461
FHC,400
WIR,370
FHE,631
FHD,437
WIT,322
FHG,763
WIW,88
WIV,312
FHF,595
FHI,535
WIY,195
FHH,400
FHK,648
FHM,238
FHL,1199
FHN,423
FHQ,590
FHP,851
FHS,1110
FHR,717
FHT,641
FHW,150
FHV,703
FHY,433
FIA,1108
FID,1069
FIC,576
FIF,1038
FIE,1012
FIH,657
FIG,1133
FII,1166
FIL,2255
FIK,1103
FIN,919
FIM,412
FIP,1113
WKA,595
FIR,1064
WKC,222
FIQ,1049
WKE,761
FIT,1190
FIS,1683
WKD,496
WKG,547
FIV,1082
WKF,308
WKI,359
FIW,244
WKH,237
WKK,818
FIY,796
WKM,181
WKL,727
WKN,444
WKQ,458
WKP,512
WKS,618
WKR,642
WKT,521
WKW,128
WKV,481
WKY,218
WLA,885
WLD,653
WLC,364
WLF,449
WLE,890
WLH,380
WLG,852
WLI,519
WLL,1629
WLK,806
WLN,527
WLM,227
WLP,850
WLR,983
FKA,1248
WLQ,818
FKD,1361
WLT,619
FKC,767
WLS,1146
FKF,565
WLV,764
FKE,1704
FKH,494
FKG,1204
WLW,227
WLY,381
FKI,896
FKL,1432
FKK,1486
FKN,1029
FKM,499
FKP,919
WMA,285
FKR,1136
WMC,67
FKQ,927
FKT,1076
WME,244
FKS,1292
WMD,208
FKV,1134
WMG,234
WMF,126
WMI,149
FKW,225
WMH,71
WMK,235
FKY,530
WMM,88
WML,274
WMN,159
FLA,3146
WMQ,138
WMP,166
FLC,1149
WMS,183
WMR,167
FLE,3070
FLD,2299
WMT,149
FLG,3017
WMW,50
FLF,1941
WMV,236
FLI,1956
WMY,74
FLH,1337
FLK,2772
FLM,893
FLL,5404
FLN,1851
FLQ,2517
WNA,290
FLP,2489
FLS,3775
WND,306
FLR,2700
WNC,150
WNF,234
WNE,392
FLT,2479
FLW,598
WNH,151
FLV,2748
WNG,360
FLY,1289
WNI,291
WNL,606
WNK,357
WNN,257
WNM,143
WNP,387
WNR,330
WNQ,267
FMA,594
FMD,488
WNT,333
WNS,548
FMC,213
FMF,273
WNV,337
FME,658
FMH,161
FMG,512
WNW,111
FMI,336
WNY,183
FML,691
FMK,491
FMN,332
FMM,150
FMP,380
FMR,374
FMQ,331
FMT,404
FMS,495
FMV,525
FMW,89
FMY,316
FNA,755
FNC,358
FNE,846
FND,663
FNG,780
FNF,661
FNI,905
FNH,453
FNK,924
FNM,348
FNL,1502
FNN,665
FNQ,859
WPA,406
FNP,947
FNS,1283
WPD,307
FNR,899
WPC,130
WPF,290
FNT,861
WPE,479
WPH,174
FNW,282
FNV,805
WPG,522
FNY,460
WPI,150
WPL,592
WPK,256
WPN,221
WPM,96
WPP,451
WPR,390
WPQ,293
WPT,291
WPS,542
WPV,317
WPW,166
WPY,118
WQA,423
WQC,166
WQE,486
WQD,332
WQG,380
WQF,201
WQI,203
WQH,207
WQK,448
WQM,128
WQL,511
WQN,267
WQQ,405
FPA,1743
WQP,343
WQS,348
FPC,563
WQR,435
FPE,1804
WQT,244
FPD,1259
FPG,2038
WQW,107
FPF,959
WQV,377
WQY,161
FPI,781
FPH,588
FPK,1095
FPM,365
FPL,1962
FPN,873
FPQ,953
FPP,1651
WRA,512
FPS,2056
WRD,418
WRC,208
FPR,1145
WRF,305
WRE,627
FPT,1064
FPW,259
WRH,209
WRG,576
FPV,1427
FPY,584
WRI,307
WRL,744
WRK,613
WRN,320
WRM,183
WRP,459
WRR,731
FQA,1425
WRQ,462
FQD,1140
WRT,380
FQC,592
WRS,618
FQF,618
WRV,438
FQE,1700
FQH,586
FQG,1368
WRW,144
FQI,872
WRY,225
FQL,1716
FQK,1478
FQN,1130
FQM,385
WSA,606
FQP,1080
FQR,1292
WSC,270
FQQ,1128
FQT,1113
WSE,595
FQS,1265
WSD,514
WSG,616
FQV,1207
WSF,422
WSI,354
FQW,237
WSH,264
WSK,517
FQY,500
WSM,160
WSL,1076
WSN,289
WSQ,495
FRA,1342
WSP,785
WSS,1051
FRC,729
WSR,587
FRE,1573
WST,456
FRD,1323
FRG,1412
WSW,145
WSV,559
FRF,777
WSY,260
FRI,915
FRH,705
FRK,1552
FRM,431
FRL,1820
FRN,1094
FRQ,1136
FRP,1035
WTA,553
FRS,1677
WTD,410
FRR,1541
WTC,171
WTF,292
WTE,517
FRT,1031
FRW,288
WTH,205
FRV,1496
WTG,464
FRY,640
WTI,300
WTL,795
WTK,453
WTN,224
WTM,140
WTP,607
WTR,375
FSA,2286
WTQ,298
FSD,1931
WTT,379
FSC,1055
WTS,564
FSF,1708
WTV,509
FSE,2324
FSH,1220
FSG,2583
WTW,121
FSI,1738
WTY,217
FSL,3725
FSK,2082
FSN,1443
FSM,680
FSP,2266
FSR,2290
FSQ,2379
FST,2312
FSS,3888
FSV,2339
FSW,597
FSY,1195
FTA,1455
FTC,799
FTE,1410
FTD,1181
FTG,1360
FTF,1119
FTI,1194
FTH,549
FTK,1202
FTM,410
FTL,2256
FTN,860
FTQ,1202
WVA,510
FTP,1215
FTS,1926
WVD,404
FTR,1097
WVC,211
WVF,296
WVE,479
FTT,1331
FTW,319
WVH,193
FTV,1783
WVG,489
FTY,729
WVI,369
WVL,888
WVK,472
WVN,336
WVM,140
WVP,564
WVR,541
WVQ,411
WVT,512
WVS,653
WVV,432
WVW,149
WVY,223
FUI,1
WWA,185
WWC,41
WWE,148
WWD,105
WWG,158
WWF,101
WWI,99
WWH,48
WWK,140
WWM,44
WWL,205
WWN,84
FVA,1636
WWQ,104
WWP,107
FVC,727
WWS,141
WWR,132
FVE,1496
WWT,105
FVD,1265
FVG,1579
WWW,53
WWV,130
FVF,1074
WWY,90
FVI,1120
FVH,632
FVK,1395
FVM,476
FVL,2371
FVN,1084
FVQ,1043
FVP,1322
FVS,1802
FVR,1239
FVT,1258
FVW,236
FVV,1590
FVY,638
FWA,389
FWD,325
FWC,131
FWF,194
FWE,381
FWH,104
FWG,369
FWI,280
FWL,538
FWK,456
FWN,286
FWM,165
FWP,248
WYA,162
FWR,372
WYC,86
FWQ,229
FWT,303
WYE,176
WYD,158
FWS,359
FWV,318
WYG,183
WYF,191
WYI,149
WYH,159
FWW,97
WYK,354
FWY,192
WYM,84
WYL,410
WYN,177
WYQ,299
WYP,176
WYS,254
WYR,365
WYT,177
WYW,67
WYV,202
WYY,111
FYA,751
FYD,624
FYC,359
FYF,647
FYE,812
FYH,439
FYG,955
FYI,715
FYL,1261
FYK,746
FYN,657
FYM,259
FYP,676
FYR,815
FYQ,678
FYT,939
FYS,1138
FYV,792
FYW,172
FYY,463
GAA,5543
GAC,1042
GAE,3181
GAD,2253
GAG,5758
GAF,1837
GAI,1774
GAH,1118
GAK,1989
GAM,870
GAL,5036
GAN,1314
GAQ,2237
GAP,4212
GAS,4184
GAR,2917
GAU,1
GAT,2695
GAW,717
GAV,3486
GAY,1002
GCA,919
GCC,667
GCE,737
GCD,629
GCG,1669
GCF,614
GCI,683
GCH,405
GCK,627
GCM,265
GCL,1539
GCN,425
GCQ,698
GCP,970
GCS,1388
GCR,931
GCU,3
GCT,798
GCW,237
GCV,936
GCY,418
GDA,2138
GDD,1652
GDC,758
GDF,1503
GDE,2056
GDH,830
GDG,2775
GDI,1814
GDL,3379
GDK,1797
GDN,1050
GDM,690
GDP,2468
GDR,2060
GDQ,1278
GDT,1894
GDS,3069
GDV,2368
GDW,489
GDY,1045
GEA,3405
GEC,936
GEE,4370
GED,2694
GEG,3374
GEF,1198
GEI,1958
GEH,881
GEK,6623
GEM,841
GEL,3860
GEN,1763
GEQ,1677
GEP,2918
GES,2733
GER,3269
GET,2272
GEW,550
GEV,2915
GEY,1001
GFA,1475
GFD,1044
GFC,708
GFF,1204
GFE,1244
GFH,809
GFG,2261
GFI,1341
GFL,2984
GFK,1081
GFN,930
GFM,518
GFP,1933
GFR,1403
GFQ,1261
GFT,1597
GFS,2881
GFV,1600
GFW,380
GFY,911
GGA,4647
GGC,1481
GGE,2916
GGD,2433
GGG,9193
GGF,1993
GGI,1964
GGH,1387
GGK,2496
GGM,852
GGL,4690
GGN,1721
GGQ,2197
GGP,4085
GGS,5804
GGR,3636
GGU,3
GGT,2791
GGW,751
GGV,2951
GGY,1531
GHA,1072
GHD,654
GHC,601
GHF,802
GHE,909
GHH,621
GHG,1295
GHI,884
GHL,2188
GHK,796
GHN,554
GHM,388
GHP,1377
GHR,1272
GHQ,852
GHT,1188
GHS,1976
GHV,1258
GHW,311
GHY,660
GIA,1741
GIC,787
GIE,1274
GID,1252
GIG,1790
GIF,1507
GII,1843
GIH,804
GIK,1478
GIM,588
GIL,3294
GIN,1122
GIQ,1408
GIP,2563
GIS,2631
GIR,1508
GIT,1759
GIW,407
GIV,1986
GIY,1046
GKA,4710
GKC,807
GKE,2980
GKD,2046
GKG,3158
GKF,1274
GKI,2079
GKH,883
GKK,3337
GKM,868
GKL,3402
GKN,1533
GKQ,1449
GKP,2540
GKS,3619
GKR,2263
GKT,3055
GKW,543
GKV,2983
GKY,1165
GLA,5162
GLD,2916
GLC,1605
GLF,2427
GLE,4161
GLH,1591
GLG,5306
GLI,2677
GLL,7444
GLK,3110
GLN,1890
GLM,1196
GLP,5379
GLR,3884
GLQ,3448
GLT,3332
GLS,5995
GLV,4146
GLU,1
GLW,912
GLY,1772
GMA,1087
GMC,273
GME,956
GMD,758
GMG,941
GMF,516
GMI,623
GMH,266
GMK,836
GMM,347
GML,1220
GMN,544
GMQ,559
GMP,850
GMS,916
GMR,612
GMT,753
GMW,154
GMV,981
GMY,369
GNA,1485
GND,956
GNC,638
GNF,1158
GNE,1408
GNH,632
GNG,1709
GNI,1618
GNL,2999
GNK,1559
GNN,964
GNM,594
GNP,1767
GNR,1244
GNQ,1156
GNT,1568
GNS,2303
GNV,1724
GNW,355
GNY,959
GPA,4492
GPD,1954
GPC,1011
GPF,1268
GPE,3323
GPH,1083
GPG,6083
GPI,1401
GPL,4058
GPK,2045
GPN,1291
GPM,778
GPP,6040
GPR,3343
GPQ,2397
GPT,2053
GPS,4284
GPV,2732
GPW,722
GPY,901
GQA,2305
GQC,783
GQE,2240
GQD,1439
GQG,2238
GQF,954
GQI,1296
GQH,866
GQK,1753
GQM,667
GQL,2998
GQN,1013
GQQ,1581
GQP,2579
GQS,2318
GQR,1866
GQT,1699
GQW,494
GQV,2111
GQY,788
GRA,3078
GRD,1861
GRC,1122
GRF,1433
GRE,2232
GRH,1060
GRG,3992
GRI,1724
GRL,3973
GRK,2314
GRN,1240
GRM,720
GRP,2943
GRR,3547
GRQ,1592
GRT,2195
GRS,3197
GRV,2620
GRW,708
GRY,1183
GSA,4260
GSC,1640
GSE,3678
GSD,2817
GSG,6638
GSF,2458
GSI,2336
GSH,1652
GSK,2651
GSM,1031
GSL,6315
GSN,1871
GSQ,2817
GSP,5331
GSS,7383
GSR,3869
GST,3439
GSW,1041
GSV,3699
GSY,1816
GTA,2914
GTD,1714
GTC,1107
GTF,1562
GTE,2451
GTH,908
GTG,3059
GTI,1782
GTL,3928
GTK,1675
GTN,1174
GTM,756
GTP,3274
GTR,1918
GTQ,1712
GTT,2496
GTS,3542
GTV,3032
GTW,629
GTY,1252
GUG,3
GUK,1
GUQ,1
GVA,2800
GVD,1777
GVC,1162
GVF,1621
GVE,1965
GVH,947
GVG,2762
GVI,2065
GVL,4022
GVK,1976
GVN,1358
GVM,696
GVP,3035
GVR,1975
GVQ,1661
GVT,2470
GVS,3216
GVV,2742
GVW,539
GVY,1160
GWA,587
GWC,193
GWE,550
GWD,401
GWG,825
GWF,312
GWI,352
GWH,191
GWK,533
GWM,200
GWL,874
GWN,411
GWQ,366
GWP,384
GWS,702
GWR,560
GWT,528
GWW,190
GWV,531
GWY,218
GYA,974
GYC,510
GYE,974
GYD,889
GYG,1708
GYF,857
GYI,995
GYH,512
GYK,857
GYM,412
GYL,1813
GYN,816
GYQ,871
GYP,1201
GYS,1610
GYR,1240
GYT,1133
GYW,284
GYV,1165
GYY,727
YAA,1358
YAC,512
YAE,906
YAD,797
YAG,1033
YAF,700
YAI,727
YAH,353
YAK,836
YAM,399
YAL,1516
YAN,539
YAQ,651
YAP,790
YAS,1151
YAR,815
YAT,840
YAW,225
YAV,1160
YAY,443
HAA,1379
HAD,634
HAC,339
HAF,570
HAE,908
HAH,475
HAG,1183
HAI,637
HAL,1569
HAK,681
HAN,451
HAM,295
YCA,417
HAP,776
HAR,894
YCC,235
HAQ,670
YCE,481
HAT,753
HAS,1133
YCD,447
YCG,529
HAV,1081
YCF,289
YCI,282
YCH,243
HAW,188
YCK,435
HAY,406
YCM,145
YCL,698
YCN,396
YCQ,420
YCP,423
YCS,628
YCR,536
YCT,361
YCW,80
YCV,456
YCY,242
YDA,796
YDD,741
YDC,365
YDF,608
YDE,938
YDH,311
YDG,879
YDI,769
YDL,1341
YDK,702
YDN,566
YDM,291
YDP,961
YDR,933
YDQ,532
HCA,481
YDT,712
HCD,359
YDS,1052
HCC,229
HCF,377
YDV,881
HCE,541
HCH,306
HCG,553
YDW,200
YDY,607
HCI,327
HCL,816
HCK,462
HCN,283
HCM,141
YEA,1315
HCP,584
HCR,513
YEC,1858
HCQ,436
YEE,1924
HCT,446
HCS,760
YED,1216
HCV,467
YEG,1060
YEF,614
YEI,835
YEH,409
HCW,98
YEK,1381
HCY,214
YEM,435
YEL,1452
YEN,855
HDA,593
YEQ,774
YEP,646
HDC,225
YES,1047
YER,934
HDE,569
YET,881
HDD,467
HDG,754
YEW,189
YEV,1165
HDF,456
YEY,482
HDI,549
HDH,277
HDK,472
HDM,168
HDL,1052
HDN,407
HDQ,416
HDP,640
YFA,763
HDS,782
YFD,613
HDR,504
YFC,422
YFF,889
YFE,767
HDT,423
HDW,121
YFH,408
YFG,851
HDV,618
HDY,289
YFI,761
YFL,1469
YFK,702
YFN,568
YFM,249
YFP,703
YFR,799
HEA,1217
YFQ,595
HED,953
YFT,782
YFS,1229
HEC,375
HEF,480
YFV,816
HEE,1273
HEH,357
HEG,920
YFW,179
YFY,487
HEI,689
HEL,1417
HEK,999
HEN,719
HEM,322
YGA,1269
HEP,577
YGC,556
HER,1159
HEQ,658
YGE,1032
HET,658
YGD,915
HES,833
HEV,939
YGG,1438
YGF,864
YGI,879
YGH,543
HEW,171
YGK,1070
HEY,328
YGM,388
YGL,1563
YGN,901
HFA,606
YGQ,863
YGP,1067
YGS,1570
HFC,304
YGR,1042
HFE,631
HFD,522
YGT,1020
HFG,662
YGW,208
HFF,670
YGV,1138
YGY,704
HFI,597
HFH,437
HFK,611
HFM,253
HFL,1382
HFN,488
HFQ,706
YHA,444
HFP,770
HFS,1115
YHD,312
HFR,707
YHC,354
YHF,328
YHE,417
HFT,727
YHH,280
HFW,194
HFV,679
YHG,530
HFY,441
YHI,421
YHL,941
YHK,434
YHN,321
YHM,212
YHP,495
YHR,488
YHQ,413
HGA,1268
YHT,444
HGD,928
YHS,694
HGC,377
HGF,639
YHV,513
HGE,1035
HGH,676
HGG,1375
YHW,115
HGI,799
YHY,328
HGL,1683
HGK,925
HGN,702
HGM,305
HGP,1107
YIA,888
HGR,1059
YIC,578
HGQ,802
HGT,835
YIE,844
YID,713
HGS,1586
HGV,1092
YIG,679
YIF,754
YII,766
YIH,523
HGW,191
YIK,809
HGY,519
YIM,288
YIL,1515
YIN,729
HHA,528
YIQ,747
YIP,934
YIS,1204
HHC,324
YIR,836
HHE,491
HHD,342
YIT,820
YIW,191
HHG,629
YIV,822
HHF,402
HHI,463
YIY,531
HHH,1090
HHK,427
HHM,167
HHL,1044
HHN,276
HHQ,555
HHP,770
HHS,788
HHR,761
HHT,452
HHW,160
HHV,570
HHY,284
HIA,736
HID,581
HIC,354
HIF,642
HIE,709
HIH,444
HIG,687
HII,669
HIL,1507
HIK,848
HIN,541
HIM,274
HIP,881
YKA,960
YKC,2180
HIR,900
HIQ,738
HIT,808
YKE,1276
YKD,999
HIS,1162
YKG,954
HIV,676
YKF,557
YKI,721
YKH,418
HIW,181
YKK,1184
HIY,477
YKM,355
YKL,1265
YKN,742
YKQ,709
YKP,722
YKS,1030
YKR,815
YKT,751
YKW,198
YKV,952
YKY,588
YLA,2034
YLD,1566
YLC,827
YLF,1127
YLE,2222
YLH,969
YLG,1731
YLI,1303
YLL,3051
YLK,1766
YLN,1294
YLM,591
YLP,1573
YLR,1741
HKA,1003
YLQ,1743
YLT,1680
HKD,762
YLS,2334
HKC,417
YLV,1748
HKF,470
HKE,1131
HKH,428
YLW,371
HKG,792
YLY,931
HKI,863
HKL,1257
HKK,1203
HKN,595
HKM,306
HKP,699
YMA,513
HKR,1235
YMC,167
HKQ,654
HKT,697
YME,509
HKS,903
YMD,345
HKV,884
YMG,355
YMF,235
YMI,271
HKW,129
YMH,147
YMK,438
HKY,396
YMM,126
YML,545
YMN,323
YMQ,251
HLA,2439
YMP,295
HLC,863
YMS,360
YMR,320
HLE,2355
HLD,1598
YMT,274
HLG,1899
YMW,73
YMV,389
HLF,1062
YMY,202
HLI,1378
HLH,1161
HLK,2047
HLM,561
HLL,3440
HLN,1218
HLQ,1999
HLP,2177
YNA,725
HLS,2531
YND,468
HLR,2192
YNC,368
YNF,528
YNE,748
HLT,1877
HLW,391
YNH,318
HLV,1947
YNG,691
HLY,900
YNI,701
YNL,1156
YNK,692
YNN,615
YNM,248
YNP,824
YNR,609
HMA,442
YNQ,570
YNT,636
HMD,331
YNS,954
HMC,91
YNV,753
HMF,219
HME,437
HMH,174
HMG,372
YNW,179
HMI,284
YNY,483
HML,597
HMK,462
HMN,237
HMM,156
HMP,347
HMR,432
HMQ,298
HMT,275
HMS,328
HMV,428
HMW,67
HMY,172
HNA,519
HNC,261
HNE,509
HND,348
HNG,780
HNF,454
HNI,566
HNH,285
HNK,518
HNM,191
HNL,1119
HNN,413
HNQ,437
YPA,1012
HNP,541
HNS,773
YPD,910
HNR,478
YPC,346
YPF,538
YPE,1133
HNT,478
YPH,401
HNW,122
HNV,534
YPG,1259
HNY,348
YPI,511
YPL,1230
YPK,679
YPN,615
YPM,258
YPP,1083
YPR,667
YPQ,632
YPT,725
YPS,1243
YPV,911
YPW,213
YPY,443
YQA,901
YQC,643
YQE,1217
YQD,721
YQG,852
YQF,487
YQI,561
YQH,380
YQK,852
YQM,300
YQL,1338
YQN,586
YQQ,891
HPA,1336
YQP,773
YQS,832
HPC,383
YQR,854
HPE,1500
HPD,1175
YQT,647
HPG,1636
YQW,165
YQV,853
HPF,687
YQY,460
HPI,538
HPH,713
HPK,753
HPM,253
HPL,1594
HPN,763
HPQ,1082
HPP,1317
YRA,1120
HPS,1710
YRD,1211
YRC,820
HPR,942
YRF,556
YRE,1117
HPT,852
YRH,556
HPW,232
HPV,1059
YRG,1128
HPY,481
YRI,759
YRL,1586
YRK,1151
YRN,841
YRM,357
YRP,874
YRR,1169
YRQ,913
HQA,984
HQD,690
YRT,859
YRS,1293
HQC,285
YRV,1029
HQF,421
HQE,1080
HQH,502
HQG,890
YRW,241
HQI,634
YRY,525
HQL,1508
HQK,1135
HQN,563
HQM,246
HQP,804
YSA,1372
HQR,2587
YSC,794
HQQ,927
YSE,1425
HQT,624
HQS,890
YSD,1183
HQV,834
YSG,1543
YSF,1085
YSI,1094
YSH,734
HQW,198
YSK,1127
HQY,307
YSM,484
YSL,2713
YSN,909
HRA,1275
YSQ,1124
YSP,1449
YSS,2512
HRC,416
YSR,1278
HRE,1090
YST,1526
HRD,1175
HRG,1209
YSW,367
HRF,612
YSV,1553
YSY,847
HRI,906
HRH,658
HRK,1081
HRM,320
HRL,1813
HRN,586
HRQ,758
HRP,1079
YTA,1129
YTD,762
HRS,1323
YTC,884
HRR,1623
YTF,782
YTE,941
HRT,757
YTH,360
HRW,227
YTG,1097
HRV,1012
HRY,467
YTI,848
YTL,1781
YTK,707
YTN,535
YTM,381
YTP,892
YTR,709
HSA,1646
YTQ,620
HSD,1131
YTT,876
YTS,1237
HSC,563
YTV,1262
HSF,1018
HSE,1445
HSH,891
HSG,2158
YTW,232
HSI,970
YTY,518
HSL,2793
HSK,1250
HSN,862
HSM,512
HSP,1941
HSR,1464
HSQ,1291
HST,1306
HSS,2945
HSV,1441
YUG,2
HSW,355
HSY,697
HTA,1079
HTC,369
HTE,987
HTD,691
HTG,4943
HTF,655
HTI,609
HTH,456
HTK,800
HTM,259
HTL,1616
HTN,481
HTQ,706
YVA,1497
HTP,1143
YVD,909
HTS,1210
HTR,826
YVC,700
YVF,792
HTT,807
YVE,1026
YVH,468
HTW,169
YVG,1024
HTV,1138
HTY,429
YVI,793
YVL,1733
YVK,979
YVN,712
YVM,341
YVP,1040
YVR,885
YVQ,754
YVT,999
YVS,1265
YVV,1113
YVW,220
YVY,546
YWA,259
YWC,125
YWE,327
YWD,227
YWG,218
YWF,132
YWI,202
YWH,84
YWK,289
YWM,100
YWL,364
YWN,195
YWQ,159
HVA,1183
YWP,241
HVC,419
YWS,264
YWR,267
HVE,1024
HVD,847
YWT,305
HVG,882
YWW,60
HVF,741
YWV,246
HVI,828
YWY,150
HVH,469
HVK,907
HVM,299
HVL,1698
HVN,593
HVQ,775
HVP,1016
HVS,1225
HVR,965
HVT,950
HVW,193
HVV,1135
HVY,504
HWA,311
HWD,223
HWC,108
HWF,139
HWE,233
HWH,127
HWG,220
HWI,190
HWL,406
HWK,270
HWN,165
HWM,69
HWP,215
YYA,548
YYC,465
HWR,286
HWQ,201
YYE,675
HWT,191
HWS,261
YYD,549
YYG,666
HWV,264
YYF,525
YYI,459
YYH,284
HWW,67
YYK,570
HWY,143
YYM,195
YYL,971
YYN,515
YYQ,501
YYP,468
YYS,884
YYR,717
YYT,513
YYW,162
YYV,549
YYY,477
HYA,540
HYD,447
HYC,234
HYF,464
HYE,521
HYH,258
HYG,529
HYI,455
HYL,930
HYK,450
HYN,382
HYM,189
HYP,469
HYR,585
HYQ,434
HYT,526
HYS,690
HYV,493
HYW,178
HYY,344
IAA,2391
IAC,549
IAE,2096
IAD,1391
IAG,1723
IAF,1049
IAI,1330
IAH,727
IAK,1662
IAM,685
IAL,2590
IAN,1075
IAQ,1355
IAP,1216
IAS,2203
IAR,1420
IAT,1742
IAW,310
IAV,1998
IAY,770
ICA,671
ICC,373
ICE,759
ICD,617
ICG,859
ICF,539
ICI,530
ICH,441
ICK,881
ICM,251
ICL,1204
ICN,616
ICQ,625
ICP,546
ICS,1154
ICR,727
ICT,669
ICW,148
ICV,620
ICY,363
IDA,1238
IDD,1195
IDC,459
IDF,1023
IDE,1592
IDH,613
IDG,1356
IDI,1238
IDL,2115
IDK,1257
IDN,925
IDM,449
IDP,1271
IDR,1204
IDQ,924
IDT,1027
IDS,1727
IDV,1306
IDW,341
IDY,650
IEA,1893
IEC,523
IEE,2914
IED,2022
IEG,1480
IEF,854
IEI,1287
IEH,674
IEK,2485
IEM,621
IEL,1863
IEN,1573
IEQ,1223
IEP,1027
IES,1758
IER,1702
IET,1384
IEW,276
IEV,1616
IEY,663
IFA,1189
IFD,962
IFC,546
IFF,949
IFE,1108
IFH,638
IFG,1369
IFI,1228
IFL,2281
IFK,1056
IFN,886
IFM,465
IFP,1034
IFR,1095
IFQ,1100
IFT,1377
IFS,2012
IFV,1174
IFW,303
IFY,824
IGA,1465
IGC,513
IGE,1492
IGD,1369
IGG,1763
IGF,1063
IGI,1288
IGH,655
IGK,1403
IGM,529
IGL,2186
IGN,1148
IGQ,997
IGP,1168
IGS,1916
IGR,1315
IGT,1288
IGW,341
IGV,1534
IGY,769
IHA,835
IHD,596
IHC,358
IHF,619
IHE,889
IHH,520
IHG,816
IHI,666
IHL,1330
IHK,783
IHN,621
IHM,306
IHP,802
IHR,958
IHQ,923
IHT,2977
IHS,1496
IHV,791
IHW,176
IHY,411
IIA,1605
IIC,604
IIE,1501
IID,1454
IIG,1446
IIF,1241
III,1385
IIH,1249
IIK,1599
IIM,557
IIL,2395
IIN,1242
IIQ,1268
IIP,1465
IIS,2429
IIR,1295
IIT,1598
IIW,287
IIV,1399
IIY,915
IKA,1947
IKC,502
IKE,2767
IKD,1753
IKG,1521
IKF,783
IKI,1434
IKH,793
IKK,2420
IKM,579
IKL,2160
IKN,1397
IKQ,1400
IKP,1376
IKS,1969
IKR,1448
IKT,1646
IKW,326
IKV,1703
IKY,744
ILA,3617
ILD,2732
ILC,1081
ILF,1899
ILE,3786
ILH,1462
ILG,3237
ILI,2274
ILL,5007
ILK,3388
ILN,2268
ILM,942
ILP,2522
ILR,2846
ILQ,2862
ILT,3026
ILS,4212
ILV,2883
ILW,503
ILY,1380
IMA,774
IMC,206
IME,883
IMD,614
IMG,656
IMF,330
IMI,381
IMH,277
IMK,805
IMM,207
IML,796
IMN,558
IMQ,442
IMP,398
IMS,744
IMR,500
IMT,622
IMW,98
IMV,627
IMY,284
INA,1225
IND,982
INC,413
INF,806
INE,1444
INH,624
ING,1328
INI,1093
INL,1790
INK,1358
INN,1026
INM,394
INP,1090
INR,982
INQ,925
INT,1116
INS,1675
INV,1051
INW,212
INY,602
IPA,2096
IPD,1384
IPC,535
IPF,1154
IPE,2434
IPH,686
IPG,2203
IPI,1207
IPL,2593
IPK,1592
IPN,951
IPM,556
IPP,2178
IPR,1410
IPQ,1341
IPT,1489
IPS,2370
IPV,2081
IPW,311
IPY,759
IQA,1967
IQC,456
IQE,2371
IQD,1399
IQG,1350
IQF,690
IQI,960
IQH,910
IQK,1901
IQM,602
IQL,1965
IQN,1278
IQQ,1512
IQP,1125
IQS,1717
IQR,1568
IQT,1355
IQW,314
IQV,1491
IQY,609
IRA,1687
IRD,1515
IRC,496
IRF,764
IRE,2135
IRH,998
IRG,1446
IRI,1207
IRL,2002
IRK,2027
IRN,1358
IRM,519
IRP,1099
IRR,1751
IRQ,1336
IRT,1425
IRS,1917
IRV,1479
IRW,314
IRY,759
ISA,2591
ISC,849
ISE,2830
ISD,2194
ISG,2551
ISF,1733
ISI,1890
ISH,1142
ISK,2420
ISM,759
ISL,3697
ISN,1718
ISQ,1987
ISP,2274
ISS,4239
ISR,2350
IST,2252
ISW,573
ISV,2502
ISY,1241
ITA,1973
ITD,1535
ITC,708
ITF,1215
ITE,1821
ITH,813
ITG,1890
ITI,1397
ITL,2449
ITK,1633
ITN,1205
ITM,574
ITP,1522
ITR,1313
ITQ,1200
ITT,1748
ITS,2383
ITV,2177
ITU,1
ITW,452
ITY,858
IVA,1854
IVD,1501
IVC,549
IVF,1160
IVE,1857
IVH,927
IVG,1800
IVI,1381
IVL,2486
IVK,1587
IVN,1213
IVM,584
IVP,1281
IVR,1326
IVQ,1244
IVT,1730
IVS,2256
IVV,1786
IVW,271
IVY,752
IWA,380
IWC,91
IWE,395
IWD,495
IWG,331
IWF,267
IWI,266
IWH,153
IWK,416
IWM,143
IWL,498
IWN,336
IWQ,218
IWP,190
IWS,531
IWR,268
IWT,324
IWW,93
IWV,327
IWY,181
IYA,812
IYC,392
IYE,989
IYD,845
IYG,973
IYF,752
IYI,727
IYH,477
IYK,925
IYM,248
IYL,1343
IYN,779
IYQ,770
IYP,708
IYS,1435
IYR,836
IYT,1027
IYW,225
IYV,875
IYY,498
KAA,3554
KAC,870
KAE,3392
KAD,1779
KAG,2460
KAF,4319
KAI,2117
KAH,1034
KAK,3330
KAM,1000
KAL,4871
KAN,1344
KAQ,2033
KAP,2030
KAS,3032
KAR,2250
KAT,2092
KAW,463
KAV,3081
KAY,1142
KCA,544
KCC,370
KCE,1456
KCD,748
KCG,1000
KCF,571
KCI,619
KCH,400
KCK,1146
KCM,218
KCL,1279
KCN,905
KCQ,618
KCP,866
KCS,1099
KCR,628
KCT,633
KCW,142
KCV,735
KCY,340
KDA,1905
KDD,1545
KDC,814
KDF,1583
KDE,2119
KDH,789
KDG,2468
KDI,1975
KDL,3823
KDK,2508
KDN,1235
KDM,827
KDP,1734
KDR,1674
KDQ,1376
KDT,1602
KDS,2818
KDV,2323
KDW,439
KDY,1004
KEA,3803
KEC,1505
KEE,5919
KED,2754
KEG,2971
KEF,1747
KEI,3048
KEH,1122
KEK,5632
KEM,1388
KEL,5733
KEN,2708
KEQ,2553
KEP,2271
KES,3084
KER,3155
KET,2563
KEW,488
KEV,3268
KEY,1332
KFA,1000
KFD,885
KFC,505
KFF,871
KFE,1019
KFH,554
KFG,1035
KFI,1065
KFL,2194
KFK,1290
KFN,686
KFM,378
KFP,930
KFR,1025
KFQ,959
KFT,938
KFS,1627
KFV,1080
KFW,306
KFY,698
KGA,2090
KGC,702
KGE,2763
KGD,2152
KGG,1982
KGF,1824
KGI,1686
KGH,979
KGK,3245
KGM,646
KGL,3209
KGN,1513
KGQ,1579
KGP,2065
KGS,2879
KGR,2047
KGU,1
KGT,1814
KGW,430
KGV,1768
KGY,1077
KHA,738
KHD,447
KHC,381
KHF,812
KHE,877
KHH,476
KHG,956
KHI,841
KHL,1965
KHK,1385
KHN,498
KHM,372
KHP,758
KHR,992
KHQ,964
KHT,712
KHS,1198
KHV,873
KHW,248
KHY,499
KIA,1663
KIC,696
KIE,1913
KID,1174
KIG,1254
KIF,1325
KII,2084
KIH,1306
KIK,2310
KIM,750
KIL,3347
KIN,1289
KIQ,1659
KIP,1639
KIS,2323
KIR,1727
KIT,1714
KIW,491
KIV,1581
KIY,970
KKA,3409
KKC,950
KKE,4280
KKD,2393
KKG,2704
KKF,1560
KKI,2693
KKH,1387
KKK,6072
KKM,1272
KKL,4973
KKN,1874
KKQ,2316
KKP,2663
KKS,3270
KKR,3395
KKU,1
KKT,2562
KKW,496
KKV,2700
KKY,1506
KLA,3479
KLD,2449
KLC,1234
KLF,2177
KLE,4411
KLH,1605
KLG,2760
KLI,2534
KLL,6111
KLK,4633
KLN,2107
KLM,1158
KLP,2823
KLR,3393
KLQ,3460
KLT,2940
KLS,4135
KLV,2991
KLW,743
KLY,1788
KMA,1077
KMC,276
KME,1233
KMD,750
KMG,754
KMF,533
KMI,679
KMH,365
KMK,1351
KMM,400
KML,1554
KMN,612
KMQ,648
KMP,809
KMS,983
KMR,742
KMT,779
KMW,185
KMV,959
KMY,369
KNA,1388
KND,1018
KNC,700
KNF,1105
KNE,1580
KNH,654
KNG,1688
KNI,1627
KNL,2852
KNK,2178
KNN,1097
KNM,653
KNP,1338
KNR,1426
KNQ,1160
KNT,1204
KNS,2027
KNV,1603
KNW,375
KNY,816
KPA,1991
KPD,1533
KPC,676
KPF,1760
KPE,2533
KPH,861
KPG,2459
KPI,1319
KPL,3142
KPK,2305
KPN,992
KPM,503
KPP,2478
KPR,1774
KPQ,1486
KPT,1660
KPS,2880
KPV,2182
KPW,395
KPY,3965
KQA,1821
KQC,722
KQE,2546
KQD,1177
KQG,1359
KQF,930
KQI,1465
KQH,753
KQK,2461
KQM,725
KQL,3326
KQN,1065
KQQ,1850
KQP,1293
KQS,1576
KQR,1879
KQT,1224
KQW,329
KQV,1629
KQY,741
KRA,2060
KRD,1373
KRC,624
KRF,1423
KRE,2484
KRH,1074
KRG,1906
KRI,2055
KRL,3643
KRK,4006
KRN,1399
KRM,786
KRP,1818
KRR,3292
KRQ,1761
KRT,1668
KRS,2500
KRV,1717
KRU,1
KRW,413
KRY,991
KSA,2291
KSC,973
KSE,2813
KSD,1784
KSG,2400
KSF,2481
KSI,1929
KSH,1274
KSK,3302
KSM,793
KSL,4400
KSN,1529
KSQ,2094
KSP,2704
KSS,4095
KSR,2345
KST,2283
KSW,533
KSV,2401
KSY,1331
KTA,1961
KTD,1385
KTC,809
KTF,1977
KTE,2420
KTH,1101
KTG,1917
KTI,1878
KTL,3664
KTK,2529
KTN,1063
KTM,672
KTP,2124
KTR,1655
KTQ,1426
KTT,1843
KTS,2719
KTV,2315
KTW,474
KTY,1028
KUE,1
KVA,2379
KVD,1714
KVC,803
KVF,2004
KVE,2670
KVH,988
KVG,1511
KVI,2095
KVL,4329
KVK,2840
KVN,1450
KVM,809
KVP,1970
KVR,1816
KVQ,1720
KVT,2309
KVS,2707
KVV,2500
KVW,528
KVY,1087
KWA,340
KWC,156
KWE,466
KWD,288
KWG,266
KWF,283
KWI,386
KWH,167
KWK,542
KWM,213
KWL,666
KWN,311
KWQ,337
KWP,247
KWS,518
KWR,395
KWT,385
KWW,104
KWV,412
KWY,213
KYA,819
KYC,424
KYE,1137
KYD,764
KYG,1147
KYF,867
KYI,1011
KYH,454
KYK,1226
KYM,405
KYL,1830
KYN,736
KYQ,853
KYP,850
KYS,1307
KYR,985
KYT,776
KYW,264
KYV,936
KYY,607
LAA,7841
LAD,3412
LAC,1767
LAF,2695
LAE,5511
LAH,1778
LAG,5029
LAI,2890
LAL,8419
LAK,4026
LAN,2635
LAM,1553
LAP,4181
LAR,4527
LAQ,4139
LAT,3853
LAS,6782
LAV,5290
LAW,997
LAY,1608
LCA,1753
LCD,1224
LCC,863
LCF,950
LCE,1435
LCH,806
LCG,1952
LCI,921
LCL,2710
LCK,1282
LCN,924
LCM,397
LCP,1495
LCR,1635
LCQ,1274
LCT,1212
LCS,2180
LCV,1422
LCW,393
LCY,731
LDA,3196
LDC,1066
LDE,3871
LDD,2714
LDG,3169
LDF,2114
LDI,2612
LDH,1346
LDK,2960
LDM,1138
LDL,5511
LDN,1954
LDQ,2283
LDP,3329
LDS,4568
LDR,3146
LDT,2807
LDW,616
LDV,3144
LDY,1493
LEA,6180
LED,4990
LEC,1284
LEF,1890
LEE,9309
LEH,1926
LEG,4670
LEI,2841
LEL,6612
LEK,6795
LEN,4260
LEM,1601
LEP,3642
LER,5051
LEQ,4600
LET,3848
LES,5310
LEV,4030
LEW,797
LEY,1561
LFA,2159
LFC,1025
LFE,2108
LFD,1696
LFG,2457
LFF,1703
LFI,1773
LFH,1084
LFK,1688
LFM,744
LFL,4606
LFN,1467
LFQ,1977
LFP,2168
LFS,3646
LFR,2102
LFT,2029
LFW,532
LFV,2261
LFY,1328
LGA,5097
LGD,3131
LGC,1567
LGF,2641
LGE,3820
LGH,1758
LGG,4645
LGI,3185
LGL,7839
LGK,3528
LGN,2644
LGM,1383
LGP,4754
LGR,3831
LGQ,2885
LGT,3647
LGS,5991
LGV,3704
LGW,797
LGY,1713
LHA,1701
LHC,922
LHE,1779
LHD,1115
LHG,1737
LHF,1198
LHI,1350
LHH,997
LHK,1555
LHM,617
LHL,3476
LHN,1206
LHQ,1760
LHP,1829
LHS,2801
LHR,1957
LHT,1922
LHW,426
LHV,1678
LHY,1110
LIA,2631
LID,2156
LIC,1003
LIF,1861
LIE,2596
LIH,1353
LIG,2518
LII,2187
LIL,4388
LIK,2790
LIN,1834
LIM,789
LIP,2385
LIR,2548
LIQ,2614
LIT,2477
LIS,3708
LIV,2389
LIW,468
LIY,1468
LKA,4524
LKD,3905
LKC,1084
LKF,1600
LKE,6580
LKH,1663
LKG,3508
LKI,2657
LKL,4876
LKK,5472
LKN,3267
LKM,1388
LKP,3089
LKR,3733
LKQ,3297
LKT,3633
LKS,4380
LKV,3382
LKW,595
LKY,1583
LLA,9590
LLC,2858
LLE,8787
LLD,6308
LLG,8370
LLF,4252
LLI,4281
LLH,3423
LLK,6654
LLM,2010
LLL,16397
LLN,4269
LLQ,7365
LLP,7204
LLS,9991
LLR,7313
LLT,6228
LLW,1512
LLV,6896
LLY,2865
LMA,1747
LMD,1242
LMC,367
LMF,648
LME,1816
LMH,499
LMG,1269
LMI,719
LML,1744
LMK,1476
LMN,927
LMM,429
LMP,924
LMR,1024
LMQ,940
LMT,1123
LMS,1466
LMV,1303
LMW,247
LMY,536
LNA,2107
LNC,834
LNE,2719
LND,1820
LNG,2403
LNF,1433
LNI,2019
LNH,1076
LNK,2470
LNM,826
LNL,3795
LNN,1674
LNQ,1977
LNP,2582
LNS,3480
LNR,2151
LNU,1
LNT,2026
LNW,479
LNV,2316
LNY,1023
LPA,5352
LPC,1322
LPE,4933
LPD,3114
LPG,5922
LPF,2316
LPI,1888
LPH,1594
LPK,3169
LPM,932
LPL,6302
LPN,1990
LPQ,3155
LPP,7551
LPS,6495
LPR,3666
LPT,3438
LPW,788
LPV,4121
LPY,1375
LQA,5510
LQD,3913
LQC,1175
LQF,1571
LQE,6329
LQH,1864
LQG,3922
LQI,2172
LQL,5670
LQK,4383
LQN,2746
LQM,1277
LQP,3615
LQR,4149
LQQ,4332
LQT,3036
LQS,4405
LQV,3494
LQW,686
LQY,1320
LRA,5206
LRC,1382
LRE,5505
LRD,3521
LRG,4091
LRF,1968
LRI,2355
LRH,1964
LRK,4720
LRM,1062
LRL,6187
LRN,3171
LRQ,3595
LRP,3540
LRS,4894
LRR,5539
LRT,3201
LRW,772
LRV,3577
LRY,1650
LSA,6216
LSD,4370
LSC,2218
LSF,3248
LSE,5858
LSH,2575
LSG,5682
LSI,3149
LSL,9094
LSK,4658
LSN,3142
LSM,1536
LSP,6739
LSR,5483
LSQ,4719
LST,4744
LSS,9320
LSV,5047
LSW,1268
LSY,2276
LTA,4325
LTC,1472
LTE,4212
LTD,2796
LTG,3674
LTF,2190
LTI,2432
LTH,1453
LTK,3015
LTM,1004
LTL,5767
LTN,2062
LTQ,2989
LTP,3820
LTS,4766
LTR,3037
LTT,3118
LTW,804
LTV,4177
LTY,1485
LUG,2
LUS,1
LVA,4756
LVC,1548
LVE,4188
LVD,3136
LVG,3871
LVF,2427
LVI,2716
LVH,1718
LVK,3436
LVM,1186
LVL,6700
LVN,2512
LVQ,3101
LVP,3541
LVS,5204
LVR,3211
LVT,3802
LVW,689
LVV,3978
LVY,1572
LWA,1038
LWD,834
LWC,255
LWF,427
LWE,956
LWH,315
LWG,871
LWI,562
LWL,1367
LWK,922
LWN,579
LWM,285
LWP,590
LWR,933
LWQ,550
LWT,646
LWS,904
LWV,800
LWW,180
LWY,304
LYA,1666
LYD,1361
LYC,713
LYF,1230
LYE,1861
LYH,931
LYG,1841
LYI,1196
LYL,2889
LYK,1751
LYN,1208
LYM,554
LYP,1505
LYR,1990
LYQ,1437
LYT,1569
LYS,2336
LYV,1589
LYW,444
LYY,967
MAA,2698
MAC,408
MAE,1601
MAD,968
MAG,1397
MAF,819
MAI,726
MAH,467
MAK,1117
MAM,460
MAL,2008
MAN,650
MAQ,1033
MAP,1270
MAS,1970
MAR,1103
MAT,1367
MAW,244
MAV,1413
MAY,730
MCA,238
MCC,125
MCE,258
MCD,209
MCG,280
MCF,194
MCI,233
MCH,142
MCK,261
MCM,84
MCL,406
MCN,189
MCQ,202
MCP,267
MCS,386
MCR,260
MCT,226
MCW,56
MCV,273
MCY,119
MDA,835
MDD,720
MDC,282
MDF,593
MDE,1068
MDH,334
MDG,827
MDI,703
MDL,1373
MDK,719
MDN,500
MDM,333
MDP,866
MDR,735
MDQ,562
MDT,777
MDS,1194
MDV,842
MDW,189
MDY,390
MEA,1488
MEC,309
MEE,2179
MED,1140
MEG,1101
MEF,554
MEI,845
MEH,499
MEK,1639
MEM,496
MEL,1666
MEN,1068
MEQ,1041
MEP,945
MES,1378
MER,1212
MET,1246
MEW,185
MEV,1144
MEY,499
MFA,466
MFD,418
MFC,210
MFF,383
MFE,536
MFH,211
MFG,501
MFI,384
MFL,843
MFK,337
MFN,312
MFM,160
MFP,470
MFR,450
MFQ,383
MFT,474
MFS,741
MFV,478
MFW,103
MFY,259
MGA,871
MGC,311
MGE,717
MGD,663
MGG,932
MGF,653
MGI,790
MGH,404
MGK,835
MGM,389
MGL,1469
MGN,669
MGQ,629
MGP,996
MGS,1281
MGR,843
MGT,840
MGW,173
MGV,791
MGY,432
MHA,283
MHD,174
MHC,123
MHF,220
MHE,256
MHH,181
MHG,291
MHI,245
MHL,535
MHK,290
MHN,206
MHM,110
MHP,324
MHR,321
MHQ,286
MHT,370
MHS,493
MHV,267
MHW,91
MHY,173
MIA,574
MIC,217
MIE,543
MID,471
MIG,543
MIF,427
MII,502
MIH,264
MIK,541
MIM,215
MIL,961
MIN,380
MIQ,522
MIP,505
MIS,752
MIR,520
MIT,529
MIW,119
MIV,522
MIY,274
MKA,1019
MKC,293
MKE,1489
MKD,848
MKG,841
MKF,459
MKI,738
MKH,429
MKK,1431
MKM,448
MKL,1423
MKN,757
MKQ,703
MKP,675
MKS,1018
MKR,999
MKT,983
MKW,182
MKV,909
MKY,406
MLA,1527
MLD,1055
MLC,490
MLF,733
MLE,1761
MLH,520
MLG,1286
MLI,815
MLL,2459
MLK,1326
MLN,974
MLM,478
MLP,1123
MLR,1408
MLQ,1335
MLT,1102
MLS,1755
MLV,1300
MLW,255
MLY,558
MMA,457
MMC,112
MME,488
MMD,338
MMG,368
MMF,205
MMI,225
MMH,133
MMK,382
MMM,165
MML,485
MMN,242
MMQ,308
MMP,314
MMS,465
MMR,256
MMT,310
MMW,61
MMV,347
MMY,149
MNA,558
MND,410
MNC,189
MNF,361
MNE,630
MNH,299
MNG,661
MNI,551
MNL,900
MNK,630
MNN,428
MNM,257
MNP,668
MNR,605
MNQ,428
MNT,529
MNS,936
MNV,522
MNW,116
MNY,297
MPA,879
MPD,487
MPC,243
MPF,460
MPE,815
MPH,312
MPG,996
MPI,417
MPL,1024
MPK,684
MPN,419
MPM,255
MPP,1106
MPR,677
MPQ,516
MPT,690
MPS,1182
MPV,827
MPW,158
MPY,342
MQA,743
MQC,173
MQE,869
MQD,529
MQG,546
MQF,283
MQI,411
MQH,252
MQK,719
MQM,236
MQL,1000
MQN,469
MQQ,658
MQP,547
MQS,687
MQR,668
MQT,530
MQW,112
MQV,561
MQY,194
MRA,801
MRD,522
MRC,210
MRF,351
MRE,885
MRH,308
MRG,651
MRI,479
MRL,1062
MRK,897
MRN,490
MRM,249
MRP,631
MRR,1020
MRQ,568
MRT,599
MRS,807
MRV,637
MRW,147
MRY,251
MSA,1143
MSC,370
MSE,1175
MSD,786
MSG,1125
MSF,644
MSI,690
MSH,456
MSK,893
MSM,355
MSL,1710
MSN,599
MSQ,897
MSP,1112
MSS,1909
MSR,930
MST,957
MSW,250
MSV,1041
MSY,531
MTA,833
MTD,627
MTC,268
MTF,546
MTE,833
MTH,327
MTG,683
MTI,512
MTL,1162
MTK,664
MTN,434
MTM,278
MTP,846
MTR,575
MTQ,601
MTT,836
MTS,1185
MTV,860
MTW,144
MTY,328
MVA,1108
MVD,710
MVC,343
MVF,536
MVE,985
MVH,441
MVG,864
MVI,761
MVL,1464
MVK,841
MVN,587
MVM,395
MVP,824
MVR,734
MVQ,743
MVT,1059
MVS,1262
MVV,1010
MVW,230
MVY,379
MWA,189
MWC,47
MWE,189
MWD,137
MWG,157
MWF,98
MWI,131
MWH,80
MWK,198
MWM,46
MWL,270
MWN,132
MWQ,122
MWP,122
MWS,245
MWR,225
MWT,141
MWW,28
MWV,121
MWY,85
MYA,357
MYC,130
MYE,344
MYD,275
MYG,400
MYF,581
MYI,334
MYH,170
MYK,290
MYM,123
MYL,696
MYN,250
MYQ,333
MYP,327
MYS,542
MYR,375
MYT,375
MYW,91
MYV,365
MYY,230
_AE,1
_AG,1
_AK,1
_AP,1
_AS,7
NAA,1796
NAD,1026
NAC,465
NAF,920
NAE,1488
NAH,496
NAG,1235
NAI,1278
NAL,2240
NAK,1221
NAN,786
NAM,466
NAP,1126
NAR,1048
NAQ,923
NAT,1583
_CE,2
NAS,2082
NAV,1611
NAW,318
NAY,627
_DI,1
_DL,2
_DK,2
NCA,441
NCD,380
NCC,283
NCF,348
NCE,567
NCH,273
NCG,570
NCI,501
NCL,900
NCK,470
NCN,365
NCM,183
NCP,539
NCR,479
NCQ,405
NCT,701
NCS,1174
NCV,588
_EI,1
NCW,136
NCY,255
NDA,809
NDC,455
NDE,975
NDD,839
NDG,918
NDF,842
_EV,1
NDI,1069
NDH,439
NDK,826
NDM,373
NDL,1733
NDN,1131
NDQ,564
NDP,889
NDS,1386
NDR,759
NDT,979
NDW,226
NDV,1032
NDY,504
NEA,1544
NED,1708
NEC,1248
NEF,912
NEE,2296
NEH,535
NEG,1178
NEI,1399
NEL,2202
NEK,1811
NEN,1227
NEM,610
NEP,856
NER,1072
NEQ,920
NET,1378
NES,1472
NEV,1538
NEW,286
NEY,645
NFA,794
_GQ,5
NFC,388
_GS,1
NFE,891
NFD,845
_GT,2
NFG,768
NFF,721
NFI,875
_GY,1
NFH,431
NFK,807
NFM,326
NFL,1833
NFN,699
NFQ,786
NFP,886
NFS,1740
NFR,845
NFT,1168
NFW,217
NFV,942
NFY,537
NGA,1534
NGD,1361
NGC,458
NGF,1010
NGE,1839
NGH,903
NGG,1837
NGI,1370
NGL,2341
NGK,1733
NGN,1203
NGM,492
NGP,1047
NGR,1345
NGQ,1314
NGT,1980
NGS,2477
NGV,1614
NGW,290
NGY,774
NHA,484
_IQ,1
NHC,268
NHE,527
NHD,380
NHG,494
NHF,560
NHI,606
NHH,370
NHK,512
NHM,267
NHL,1206
NHN,376
NHQ,510
NHP,708
NHS,1009
NHR,609
NHT,703
NHW,149
NHV,648
NHY,348
NIA,1126
NID,1020
NIC,554
NIF,1090
NIE,1221
NIH,654
NIG,905
NII,1460
NIL,2613
NIK,1394
NIN,938
NIM,515
NIP,1383
NIR,1165
NIQ,1224
NIT,1777
NIS,2122
NIV,1374
NIW,256
NIY,771
_LA,1
NKA,1482
NKD,1546
NKC,572
NKF,850
NKE,2079
NKH,679
NKG,1109
NKI,1488
NKL,2294
NKK,1862
NKN,1050
NKM,605
_MA,4753
NKP,1186
NKR,1182
_MC,169
NKQ,995
_ME,2004
NKT,1446
NKS,1547
_MD,1188
NKV,1484
_MG,1619
_MF,368
_MI,291
_MH,205
NKW,255
_MK,870
NKY,754
_MM,353
_ML,1043
_MN,648
NLA,2629
_MQ,454
_MP,1077
NLC,816
_MS,2319
_MR,879
NLE,2838
NLD,1880
_MT,885
NLG,2102
_MW,274
_MV,767
NLF,1503
NLI,2095
_MY,156
NLH,1046
NLK,2729
NLM,796
NLL,4372
NLN,1752
NLQ,2345
NLP,2372
NLS,3736
NLR,2199
NLT,2986
NLW,416
NLV,2452
NLY,1288
_NK,9
_NN,1
NMA,625
NMD,560
_NT,2
NMC,158
NMF,336
NME,722
NMH,192
NMG,537
NMI,410
_NY,2
NML,899
NMK,620
NMN,473
NMM,234
NMP,459
NMR,375
NMQ,375
NMT,588
NMS,627
NMV,605
NMW,98
NMY,292
NNA,810
NNC,379
NNE,961
NND,602
NNG,907
NNF,807
NNI,1061
NNH,443
NNK,978
NNM,438
NNL,1763
NNN,898
NNQ,788
NNP,985
NNS,1557
NNR,835
NNT,903
NNW,245
NNV,970
NNY,562
_PS,1
_QE,1
NPA,1651
_QP,1
NPC,563
_QS,1
NPE,1967
NPD,1467
NPG,1569
NPF,1047
_QV,3
NPI,993
NPH,630
NPK,1337
NPM,483
NPL,2139
NPN,1097
NPQ,1101
NPP,1588
NPS,2001
NPR,1270
NPT,1129
NPW,344
NPV,1443
NPY,821
_RL,1
NQA,1104
NQD,875
_RT,1
NQC,440
NQF,634
NQE,1485
NQH,458
NQG,1029
NQI,1017
NQL,1927
NQK,1090
NQN,813
NQM,432
NQP,942
NQR,909
NQQ,975
NQT,1194
NQS,1365
NQV,1136
_SG,2
NQW,251
NQY,456
_SN,1
NRA,1184
_SQ,1
NRC,419
NRE,1345
NRD,934
_ST,1
NRG,1053
NRF,812
NRI,1213
_SY,3
NRH,593
NRK,1251
NRM,489
NRL,1988
NRN,869
NRQ,941
NRP,1016
NRS,1576
_TD,1
NRR,1471
NRT,1317
NRW,245
NRV,1176
NRY,614
_TK,1
_TN,1
NSA,1989
NSD,1611
NSC,719
NSF,1353
NSE,2068
NSH,977
NSG,1975
NSI,1699
NSL,3405
NSK,1827
NSN,1537
NSM,703
NSP,2048
NSR,1613
NSQ,1557
NST,2274
NSS,4256
NSV,2071
NSW,466
NSY,887
NTA,1501
NTC,519
NTE,1464
NTD,1042
NTG,1248
NTF,919
NTI,1066
NTH,532
NTK,1101
NTM,448
NTL,2149
NTN,806
NTQ,833
NTP,1207
NTS,1960
NTR,894
NTT,1460
NTW,288
NTV,1584
NTY,666
_WA,12
NUS,1
NVA,1565
NVC,616
NVE,1506
NVD,1201
_WT,1
NVG,1198
NVF,983
NVI,1347
NVH,614
NVK,1396
NVM,485
NVL,2463
NVN,998
NVQ,1020
NVP,1276
NVS,2122
NVR,1019
NVT,2030
NVW,237
NVV,1511
NVY,723
NWA,313
NWD,275
NWC,80
NWF,222
NWE,301
NWH,109
NWG,254
NWI,279
NWL,518
NWK,367
NWN,252
NWM,145
NWP,242
NWR,295
NWQ,219
NWT,327
NWS,384
NWV,287
_YG,1
NWW,65
NWY,179
NYA,571
NYD,596
NYC,333
NYF,569
NYE,696
NYH,298
NYG,708
NYI,810
NYL,1280
NYK,623
NYN,563
NYM,280
NYP,538
NYR,749
NYQ,556
NYT,861
NYS,1148
NYV,754
NYW,144
NYY,480
__A,11
__C,2
__E,2
__D,5
__G,9
__I,1
__M,20322
__L,1
__N,14
__Q,6
__P,1
__S,8
__R,2
__T,3
__W,13
__Y,1
PAA,6052
PAD,2082
PAC,1041
PAF,1730
PAE,3306
PAH,1275
PAG,4606
PAI,1496
PAL,5324
PAK,2104
PAN,1355
PAM,863
PAP,7220
PAR,2819
PAQ,2499
PAT,3213
PAS,5555
PAV,3359
PAW,604
PAY,997
PCA,851
PCD,490
PCC,512
PCF,451
PCE,716
PCH,446
PCG,1007
PCI,526
PCL,1336
PCK,554
PCN,426
PCM,174
PCP,1637
PCR,704
PCQ,739
PCT,754
PCS,1331
PCV,679
PCW,161
PCY,333
PDA,2067
PDC,770
PDE,1805
PDD,1516
PDG,2728
PDF,1263
PDI,1404
PDH,785
PDK,1280
PDM,608
PDL,3157
PDN,987
PDQ,1123
PDP,2376
PDS,3076
PDR,1297
PDT,1902
PDW,443
PDV,2025
PDY,978
PEA,3929
PED,3352
PEC,947
PEF,1347
PEE,5302
PEH,1152
PEG,3833
PEI,1917
PEL,4298
PEK,2962
PEN,2256
PEM,1017
PEP,4295
PER,2401
PEQ,2028
PET,2704
PES,3619
PEV,3293
PEW,470
PEY,1022
PFA,1196
PFC,625
PFE,1083
PFD,916
PFG,1318
PFF,996
PFI,1042
PFH,657
PFK,1099
PFM,374
PFL,2522
PFN,617
PFQ,1146
PFP,1653
PFS,2142
PFR,1165
PFT,1294
PFW,326
PFV,1249
PFY,756
PGA,5500
PGD,2589
PGC,1169
PGF,2047
PGE,3634
PGH,1509
PGG,4776
PGI,1953
PGL,5565
PGK,2555
PGN,1628
PGM,1172
PGP,7888
PGR,3117
PGQ,2560
PGT,3871
PGS,5957
PGV,3137
PGW,677
PGY,1534
PHA,932
PHC,493
PHE,708
PHD,481
PHG,1091
PHF,691
PHI,699
PHH,635
PHK,708
PHM,267
PHL,1885
PHN,448
PHQ,712
PHP,1601
PHS,1666
PHR,877
PHT,886
PHW,215
PHV,907
PHY,451
PIA,1045
PID,825
PIC,651
PIF,893
PIE,982
PIH,528
PIG,1001
PII,1304
PIL,2108
PIK,1131
PIN,735
PIM,397
PIP,1823
PIR,1051
PIQ,991
PIT,1594
PIS,1964
PIV,1208
PIW,269
PIY,682
PKA,2199
PKD,1749
PKC,629
PKF,930
PKE,2507
PKH,641
PKG,2383
PKI,1333
PKL,2373
PKK,2427
PKN,1022
PKM,821
PKP,2732
PKR,1744
PKQ,1200
PKT,1813
PKS,2367
PKV,1950
PKW,273
PKY,750
PLA,4172
PLC,1323
PLE,3520
PLD,2690
PLG,3863
PLF,1985
PLI,2274
PLH,2068
PLK,2474
PLM,1094
PLL,6921
PLN,1832
PLQ,2909
PLP,6820
PLS,5183
PLR,3129
PLT,3415
PLW,687
PLV,3264
PLY,1368
PMA,832
PMD,662
PMC,216
PMF,349
PME,800
PMH,219
PMG,774
PMI,397
PML,1005
PMK,472
PMN,425
PMM,306
PMP,886
PMR,412
PMQ,379
PMT,616
PMS,780
PMV,685
PMW,110
PMY,642
PNA,1250
PNC,524
PNE,839
PND,729
PNG,1616
PNF,803
PNI,1168
PNH,498
PNK,973
PNM,436
PNL,1921
PNN,791
PNQ,868
PNP,1558
PNS,1891
PNR,900
PNT,1299
PNW,237
PNV,1155
PNY,687
PPA,6655
PPC,1065
PPE,4003
PPD,2234
PPG,7152
PPF,1344
PPI,1440
PPH,1478
PPK,2665
PPM,892
PPL,5353
PPN,1377
PPQ,3248
PPP,13680
PPS,6307
PPR,3870
PPT,3509
PPW,469
PPV,3465
PPY,1101
PQA,2575
PQD,1713
PQC,608
PQF,866
PQE,2314
PQH,831
PQG,2714
PQI,1113
PQL,2864
PQK,1511
PQN,1264
PQM,594
PQP,3483
PQR,1709
PQQ,1995
PQT,1671
PQS,2299
PQV,1836
PQW,322
PQY,689
PRA,3293
PRC,825
PRE,2445
PRD,1723
PRG,3384
PRF,1179
PRI,1192
PRH,971
PRK,2071
PRM,608
PRL,3633
PRN,1165
PRQ,1343
PRP,4053
PRS,3180
PRR,3045
PRT,2121
PRW,499
PRV,2071
PRY,840
PSA,5036
PSD,2599
PSC,1452
PSF,1986
PSE,3627
PSH,1499
PSG,4579
PSI,2079
PSL,5925
PSK,2600
PSN,1779
PSM,987
PSP,7339
PSR,3356
PSQ,3063
PST,3737
PSS,7700
PSV,3637
PSW,774
PSY,1442
PTA,2698
PTC,888
PTE,2138
PTD,1387
PTG,2363
PTF,1222
PTI,1353
PTH,869
PTK,1458
PTM,625
PTL,3109
PTN,939
PTQ,1474
PTP,3944
PTS,3472
PTR,1501
PTT,2549
PTW,409
PTV,2327
PTY,800
PVA,2888
PVC,1162
PVE,2245
PVD,1863
PVG,2601
PVF,1614
PVI,1935
PVH,1058
PVK,1900
PVM,752
PVL,4271
PVN,1288
PVQ,1801
PVP,4107
PVS,4046
PVR,1973
PVT,3208
PVW,452
PVV,2697
PVY,1140
PWA,620
PWD,371
PWC,183
PWF,267
PWE,521
PWH,175
PWG,636
PWI,342
PWL,782
PWK,444
PWN,344
PWM,207
PWP,521
PWR,454
PWQ,416
PWT,463
PWS,629
PWV,496
PWW,152
PWY,182
PYA,925
PYD,651
PYC,470
PYF,743
PYE,2001
PYH,473
PYG,1075
PYI,728
PYL,1547
PYK,2145
PYN,588
PYM,374
PYP,1172
PYR,937
PYQ,806
PYT,993
PYS,1428
PYV,1088
PYW,236
PYY,550
QAA,3747
QAC,855
QAE,2841
QAD,1305
QAG,2421
QAF,1504
QAI,1559
QAH,935
QAK,1862
QAM,930
QAL,5089
QAN,978
QAQ,2605
QAP,2502
QAS,3093
QAR,2212
QAT,1914
QAW,579
QAV,2544
QAY,758
QCA,559
QCC,364
QCE,623
QCD,468
QCG,1050
QCF,370
QCI,471
QCH,346
QCK,568
QCM,171
QCL,1239
QCN,409
QCQ,718
QCP,764
QCS,921
QCR,644
QCT,443
QCW,166
QCV,706
QCY,234
QDA,1606
QDD,1067
QDC,599
QDF,1140
QDE,1619
QDH,630
QDG,1690
QDI,1450
QDL,3269
QDK,1316
QDN,793
QDM,619
QDP,1751
QDR,1153
QDQ,1095
QDT,1374
QDS,2450
QDV,1755
QDW,333
QDY,735
QEA,3633
QEC,686
QEE,5082
QED,2155
QEG,2398
QEF,1270
QEI,2005
QEH,984
QEK,3119
QEM,1102
QEL,5190
QEN,1703
QEQ,2430
QEP,2024
QES,2648
QER,2609
QET,1908
QEW,443
QEV,2737
QEY,1001
QFA,788
QFD,602
QFC,425
QFF,683
QFE,813
QFH,481
QFG,815
QFI,735
QFL,2079
QFK,747
QFN,547
QFM,305
QFP,884
QFR,794
QFQ,841
QFT,793
QFS,1332
QFV,915
QFW,188
QFY,522
QGA,2104
QGC,730
QGE,1986
QGD,1446
QGG,1984
QGF,1231
QGI,1403
QGH,965
QGK,1786
QGM,630
QGL,3519
QGN,1161
QGQ,1983
QGP,2726
QGS,2802
QGR,1925
QGT,1686
QGW,395
QGV,1663
QGY,834
QHA,670
QHD,391
QHC,362
QHF,616
QHE,782
QHH,530
QHG,971
QHI,754
QHL,1927
QHK,701
QHN,471
QHM,310
QHP,943
QHR,888
QHQ,1353
QHT,583
QHS,1171
QHV,872
QHW,236
QHY,444
QIA,1272
QIC,478
QIE,1242
QID,886
QIG,961
QIF,955
QII,1208
QIH,698
QIK,1336
QIM,457
QIL,2645
QIN,855
QIQ,1336
QIP,1307
QIS,1726
QIR,1284
QIT,1184
QIW,291
QIV,1219
QIY,644
QKA,2405
QKC,574
QKE,2788
QKD,1433
QKG,1642
QKF,982
QKI,1894
QKH,825
QKK,2457
QKM,755
QKL,3853
QKN,1138
QKQ,1862
QKP,1569
QKS,2186
QKR,1939
QKT,1723
QKW,372
QKV,2022
QKY,923
QLA,3537
QLD,2223
QLC,1195
QLF,1841
QLE,4215
QLH,1528
QLG,2573
QLI,2056
QLL,6583
QLK,3088
QLN,1719
QLM,995
QLP,2996
QLR,3450
QLQ,4128
QLT,2597
QLS,4184
QLV,2942
QLW,618
QLY,1408
QMA,840
QMC,219
QME,930
QMD,542
QMG,572
QMF,470
QMI,509
QMH,241
QMK,791
QMM,284
QML,1294
QMN,462
QMQ,640
QMP,609
QMS,755
QMR,557
QMT,590
QMW,156
QMV,670
QMY,297
QNA,1117
QND,745
QNC,440
QNF,787
QNE,1227
QNH,517
QNG,1470
QNI,1211
QNL,2375
QNK,1220
QNN,834
QNM,498
QNP,1266
QNR,1119
QNQ,1100
QNT,1103
QNS,1761
QNV,1213
QNW,283
QNY,568
QPA,2244
QPD,1211
QPC,758
QPF,921
QPE,1905
QPH,817
QPG,2706
QPI,1030
QPL,3209
QPK,1246
QPN,805
QPM,530
QPP,3861
QPR,1644
QPQ,2253
QPT,1493
QPS,2916
QPV,2023
QPW,411
QPY,878
QQA,2273
QQC,562
QQE,2441
QQD,1151
QQG,1611
QQF,925
QQI,1383
QQH,994
QQK,1799
QQM,808
QQL,4160
QQN,1143
QQQ,5103
QQP,2113
QQS,1753
QQR,1972
QQT,1327
QQW,363
QQV,1874
QQY,764
QRA,2330
QRD,1298
QRC,707
QRF,1077
QRE,2266
QRH,918
QRG,1751
QRI,2253
QRL,4047
QRK,2086
QRN,1097
QRM,790
QRP,1784
QRR,2512
QRQ,1910
QRT,1776
QRS,2298
QRV,2154
QRW,448
QRY,819
QSA,1972
QSC,814
QSE,1945
QSD,1216
QSG,1956
QSF,1344
QSI,1496
QSH,931
QSK,1704
QSM,613
QSL,4180
QSN,1036
QSQ,1940
QSP,2793
QSS,4040
QSR,1895
QST,1762
QSW,456
QSV,2084
QSY,899
QTA,1673
QTD,1010
QTC,532
QTF,1014
QTE,1606
QTH,669
QTG,1549
QTI,1117
QTL,3260
QTK,1213
QTN,744
QTM,511
QTP,1965
QTR,1178
QTQ,1374
QTT,1344
QTS,2131
QTV,1836
QTW,354
QTY,685
QUG,1
QUR,1
QVA,2230
QVD,1373
QVC,674
QVF,1331
QVE,2116
QVH,821
QVG,1379
QVI,1487
QVL,3805
QVK,1805
QVN,981
QVM,576
QVP,2053
QVR,1454
QVQ,1684
QVT,2022
QVS,2507
QVV,2077
QVW,412
QVY,834
QWA,335
QWC,124
QWE,422
QWD,290
QWG,270
QWF,247
QWI,282
QWH,181
QWK,479
QWM,147
QWL,815
QWN,246
QWQ,295
QWP,305
QWS,384
QWR,356
QWT,317
QWW,75
QWV,409
QWY,197
QYA,565
QYC,309
QYE,815
QYD,516
QYG,697
QYF,638
QYI,612
QYH,373
QYK,665
QYM,272
QYL,1558
QYN,438
QYQ,747
QYP,651
QYS,1003
QYR,816
QYT,513
QYW,197
QYV,731
QYY,478
RAA,4468
RAD,1397
RAC,895
RAF,1710
RAE,2940
RAH,1259
RAG,3217
RAI,1645
RAL,5422
RAK,2287
RAN,972
RAM,836
RAP,2723
RAR,3443
RAQ,2333
RAT,1941
RAS,3369
RAV,2830
RAW,618
RAY,895
AAA,13398
AAC,1530
AAD,2632
AAE,4817
AAF,2523
AAG,6449
AAH,1623
AAI,2529
AAK,3150
AAL,7924
AAM,1443
AAN,1795
AAP,5309
AAQ,3389
RCA,758
RCD,593
AAR,4409
AAS,6368
RCC,447
AAT,3862
RCF,516
RCE,862
AAU,1
AAV,5305
RCH,511
RCG,925
AAW,871
AAY,1569
RCI,630
RCL,1549
RCK,601
RCN,467
RCM,228
RCP,1000
RCR,967
RCQ,812
RCT,596
RCS,1173
RCV,868
RCW,238
RCY,575
RDA,2055
RDC,728
RDE,1800
RDD,1137
RDG,2199
RDF,1373
RDI,1418
RDH,791
RDK,1419
RDM,601
RDL,3610
RDN,911
RDQ,1246
RDP,1948
ACA,1284
RDS,2618
RDR,2200
ACC,518
ACD,746
RDT,1311
ACE,896
ACF,639
RDW,460
ACG,1346
RDV,2065
RDY,1014
ACH,455
ACI,647
ACK,731
ACL,1648
ACM,288
ACN,486
ACP,998
ACQ,782
REA,3733
RED,2183
ACR,1002
ACS,1360
REC,783
ACT,854
REF,1298
REE,4177
REH,1127
ACV,978
ACW,221
REG,2563
REI,1919
ACY,407
REL,4969
REK,3515
REN,1694
REM,975
REP,1930
RER,3749
ADA,2212
REQ,2365
RET,1893
ADC,707
RES,2458
ADD,1631
REV,2516
ADE,1952
ADF,1456
ADG,2626
ADH,711
REW,448
ADI,1936
REY,920
ADK,1536
ADL,3466
ADM,724
ADN,897
RFA,1073
ADP,1881
ADQ,1159
RFC,612
ADR,1663
RFE,1070
ADS,2728
RFD,884
ADT,1678
RFG,1298
RFF,877
ADV,2192
RFI,909
ADW,350
RFH,724
ADY,836
RFK,961
RFM,384
RFL,2592
RFN,668
RFQ,1150
AEA,4981
RFP,1204
RFS,1972
AEC,889
RFR,1359
AED,2906
RFU,1
AEE,5460
RFT,1113
AEF,1414
RFW,315
RFV,1126
AEG,3737
AEH,1058
RFY,726
AEI,2362
AEK,3530
AEL,5402
AEM,1243
AEN,2174
AEP,2765
RGA,2983
AEQ,2341
RGD,1768
AER,3301
AES,3159
RGC,876
AET,2385
RGF,1588
RGE,2379
RGH,1274
AEV,3340
RGG,3374
AEW,469
RGI,1468
AEY,1139
RGL,4151
RGK,1970
RGN,1281
RGM,718
RGP,3215
RGR,3903
AFA,2045
RGQ,1801
AFC,744
RGT,1825
RGS,3574
AFD,1237
AFE,1509
RGV,1902
AFF,1214
AFG,1930
AFH,822
RGW,596
AFI,1536
RGY,1097
AFK,1456
AFL,3460
AFM,625
AFN,1394
RHA,815
AFP,1678
AFQ,1481
RHC,480
AFR,1911
AFS,3664
RHE,916
AFT,1688
RHD,519
RHG,1157
RHF,767
AFV,1808
RHI,746
AFW,400
RHH,696
RHK,1058
AFY,1024
RHM,438
RHL,2200
RHN,556
RHQ,1233
AGA,5501
RHP,1095
RHS,1533
RHR,1546
AGC,1098
AGD,2366
AGE,3344
RHT,799
AGF,1808
RHW,248
RHV,906
AGG,5281
AGH,1240
RHY,570
AGI,2204
AGK,2513
AGL,5240
AGM,1009
AGN,1647
AGP,4233
RIA,1547
AGQ,2278
RID,910
AGR,3090
AGS,4808
RIC,577
RIF,1131
AGT,2926
RIE,1438
RIH,2562
AGV,3472
RIG,1243
AGW,644
RII,1355
AGY,1209
RIL,3009
RIK,1502
RIN,912
RIM,514
RIP,1514
AHA,1118
RIR,1677
RIQ,1482
RIT,1377
AHC,549
RIS,2118
AHD,525
RIV,1388
AHE,886
AHF,743
AHG,1262
AHH,540
RIW,365
AHI,789
RIY,870
AHK,845
AHL,2189
AHM,353
AHN,559
AHP,1171
AHQ,936
AHR,1151
AHS,1573
AHT,949
AHV,1041
AHW,256
AHY,482
AIA,2241
AIC,1127
AID,1297
AIE,1868
AIF,1234
AIG,1606
AIH,868
AII,1656
AIK,1881
AIL,3303
AIM,690
AIN,1203
AIP,1541
RKA,3026
AIQ,1614
AIR,1674
RKD,1762
AIS,2544
RKC,736
AIT,1659
RKF,1310
RKE,3170
RKH,1217
AIV,1817
RKG,2282
AIW,308
AIY,927
RKI,1906
RKL,4053
RKK,3539
RKN,1535
RKM,1022
RKP,1963
RKR,3307
RKQ,1989
RKT,2003
RKS,2762
RKV,2311
RKW,453
RKY,1033
RLA,4357
RLC,1477
RLE,4310
RLD,2437
RLG,3414
RLF,2044
RLI,2112
RLH,2059
RLK,3425
RLM,1020
RLL,7437
RLN,1783
RLQ,4137
AKA,3150
RLP,3581
RLS,4795
RLR,4842
AKC,676
AKD,2038
RLT,2683
AKE,3356
AKF,1005
RLW,955
RLV,3243
AKG,2200
RLY,1584
AKH,946
AKI,1686
AKK,3047
AKL,3357
AKM,861
AKN,1477
AKP,1917
RMA,890
AKQ,1745
AKR,2279
RMD,557
AKS,2310
RMC,217
AKT,1847
RMF,429
RME,942
AKV,2403
RMH,408
AKW,359
RMG,644
RMI,507
AKY,1017
RML,1287
RMK,889
RMN,453
RMM,291
RMP,556
RMR,736
ALA,6813
RMQ,542
RMT,570
ALC,1973
ALD,3727
RMS,845
ALE,5812
RMV,737
ALF,2427
ALG,5757
ALH,2332
RMW,138
ALI,2863
RMY,328
ALK,4516
ALL,9541
ALM,1514
ALN,2564
RNA,1360
ALP,4743
ALQ,4785
RNC,526
ALR,5528
ALS,6215
RNE,1212
ALT,3831
RND,879
RNG,1437
ALV,4654
RNF,940
ALW,976
RNI,1326
RNH,757
ALY,2088
RNK,1565
RNM,508
RNL,2829
RNN,862
RNQ,1069
AMA,1607
RNP,1431
RNS,1978
RNR,1569
AMC,266
AMD,796
RNT,1140
AME,1323
RNW,295
AMF,508
RNV,1440
AMG,1020
AMH,339
RNY,676
AMI,564
AMK,1090
AML,1515
AMM,417
AMN,614
AMP,640
AMQ,713
AMR,794
AMS,1123
AMT,741
AMV,1010
AMW,177
AMY,406
ANA,1436
ANC,479
AND,920
ANE,1189
ANF,867
ANG,1690
ANH,612
ANI,1263
ANK,1197
ANL,2315
ANM,522
ANN,860
RPA,2769
ANP,1339
RPC,714
ANQ,981
ANR,1131
RPE,2315
ANS,1888
ANT,1199
RPD,1559
RPG,3435
ANV,1506
RPF,1351
ANW,211
RPI,1013
RPH,939
RPK,1524
ANY,658
RPM,503
RPL,3406
RPN,842
RPQ,1710
RPP,3545
RPS,3280
RPR,2990
RPT,1590
RPW,551
RPV,2059
RPY,1287
RQA,2329
RQD,1135
RQC,558
RQF,857
RQE,2346
RQH,866
RQG,1695
RQI,1210
RQL,3501
RQK,1934
RQN,949
RQM,638
RQP,1455
APA,5567
RQR,2471
RQQ,1887
APC,878
RQT,1203
RQS,1720
APD,1913
APE,3643
RQV,1674
APF,1145
APG,5440
APH,971
RQW,356
API,1201
RQY,692
APK,1949
APL,3897
APM,656
APN,1077
RRA,3642
APP,5506
APQ,2037
RRC,1058
APR,3032
RRE,3000
APS,4654
RRD,1731
APT,2535
RRG,3325
RRF,1627
APV,2932
RRI,1820
APW,563
RRH,1625
RRK,3252
APY,856
RRM,887
RRL,5118
RRN,1557
RRQ,2509
AQA,3503
RRP,2802
RRS,3968
RRR,5694
AQC,642
AQD,1700
RRT,2167
AQE,2846
RRW,683
AQF,887
RRV,2516
AQG,2506
AQH,940
RRY,1175
AQI,1410
AQK,2114
AQL,3873
AQM,780
AQN,1199
AQP,2421
RSA,2919
AQQ,2102
RSD,1566
AQR,2435
AQS,2289
RSC,1107
RSF,1704
AQT,1669
RSE,2279
RSH,1740
AQV,2315
RSG,2953
AQW,353
RSI,1758
AQY,806
RSL,5407
RSK,2459
RSN,1367
RSM,800
RSP,3616
RSR,4343
ARA,3812
RSQ,2265
RST,2220
ARC,873
RSS,4893
ARD,2032
RSV,2476
ARE,3011
ARF,1220
RSU,1
ARG,3161
ARH,1170
RSW,671
ARI,1564
RSY,1262
ARK,2370
ARL,4373
ARM,770
ARN,1380
RTA,2175
ARP,2584
ARQ,1876
RTC,803
ARR,3496
RTE,1735
ARS,2807
ART,1866
RTD,1115
RTG,1916
RTF,1190
ARV,2354
RTI,1281
ARW,541
RTH,1778
ARY,992
RTK,1452
RTM,529
RTL,3537
RTN,862
RTQ,1346
ASA,5234
RTP,2364
RTS,2451
ASC,1410
RTR,1860
ASD,2716
ASE,3877
RTT,1570
ASF,2275
RTW,422
ASG,5062
RTV,2119
RTY,762
ASH,1544
ASI,2301
ASK,2844
ASL,6688
ASM,1090
ASN,1860
ASP,4916
ASQ,3033
ASR,3559
ASS,7319
AST,3665
ASU,2
ASV,4028
ASW,816
ASY,1526
RUK,2
ATA,3753
ATC,978
ATD,1812
ATE,2609
ATF,1471
ATG,3191
ATH,905
ATI,1673
ATK,1746
ATL,4234
ATM,778
ATN,1348
RVA,2505
ATP,2871
ATQ,1772
RVC,844
ATR,1825
RVE,2018
ATS,3630
ATT,2525
RVD,1378
RVG,1984
ATU,1
RVF,1389
ATV,2976
RVI,1594
ATW,454
RVH,1519
RVK,1939
ATY,1033
RVM,639
RVL,4287
RVN,1065
RVQ,1641
RVP,2087
RVS,2540
RVR,2265
RVT,2038
RVW,504
RVV,2287
AUG,1
RVY,977
RWA,517
AUQ,1
RWD,332
RWC,167
RWF,362
RWE,511
RWH,266
RWG,482
RWI,308
RWL,946
RWK,552
RWN,301
RWM,213
RWP,340
AVA,4898
RWR,590
RWQ,403
AVC,1362
RWT,406
AVD,2515
RWS,525
AVE,3190
RWV,427
AVF,2005
AVG,3415
AVH,1250
RWW,143
AVI,2378
RWY,223
AVK,2466
AVL,5709
AVM,1045
AVN,1800
AVP,3161
AVQ,2430
AVR,2787
AVS,4244
AVT,3117
AVV,3667
AVW,604
AVY,1528
AWA,780
AWC,213
AWD,468
AWE,654
AWF,281
AWG,713
AWH,234
AWI,361
AWK,532
AWL,1033
AWM,234
AWN,371
AWP,495
RYA,800
AWQ,433
AWR,588
RYD,660
AWS,652
RYC,420
AWT,499
RYF,795
RYE,929
AWV,599
RYH,542
AWW,145
RYG,1074
RYI,822
AWY,236
RYL,1994
RYK,850
RYN,570
RYM,356
RYP,814
RYR,1120
RYQ,773
RYT,785
RYS,1275
RYV,1035
RYW,244
RYY,590
AYA,1128
AYC,409
AYD,987
AYE,1017
AYF,721
AYG,1215
AYH,497
AYI,898
AYK,811
AYL,1801
AYM,340
AYN,632
AYP,830
AYQ,776
AYR,1042
AYS,1427
AYT,917
AYU,1
AYV,1101
AYW,223
AYY,579
SAA,5519
SAC,1137
SAE,3766
SAD,2625
SAG,4193
SAF,2324
SAI,2237
SAH,1370
SAK,2473
SAM,1162
SAL,6429
SAN,1677
SAQ,2574
SAP,4654
SAS,6637
SAR,2806
SAT,3573
SAW,607
SAV,3926
SAY,1302
SCA,1180
SCC,1134
SCE,1096
SCD,944
SCG,1579
SCF,798
SCI,814
SCH,671
SCK,1017
SCM,343
SCL,2318
SCN,663
